Workbook
Name s_gennemsnitspris_alle_og_melder: TEST_STATISTIK_02_KR!$B$96:$G$107

Sheet 00_Regnskab_01
B1: ok? | C1: Dato | D1: Person | H1: Samlet sum | I1: Antal spil | J1: Største gevinst | K1: Største tab
D2: Thomas | E2: Peter | F2: Janus | G2: Christian | M2: Regnskab
A3: 1 | C3: 42542 | D3: -230 | E3: -166 | F3: 370 | G3: 8 | H3: =sum(D3+F3+E3+G3) -> -18 | I3: 24 | L3: Thomas, Vanløse | M3: Christians bog | N3: foto
A4: 2 | B4: x | C4: 42637 | D4: 544 | E4: -872 | F4: 472 | G4: -258 | H4: =sum(D4+F4+E4+G4) -> -114 | I4: 46 | L4: Christian, Østerbro | M4: Christians bog | N4: Messenger-tråd (billeder af snapseflasker)
A5: 3 | C5: 42791 | D5: 54 | E5: 234 | F5: 148 | G5: -404 | H5: =sum(D5+F5+E5+G5) -> 32 | I5: 23 | L5: Måske 25/2/2017 hos Peter (Lundtoftevej 208) | M5: Christians bog
A6: 4 | C6: ? | D6: -72 | E6: -256 | F6: 138 | G6: 186 | H6: =sum(D6+F6+E6+G6) -> -4 | I6: 30 | L6: ? | M6: Christians bog | N6: Kunne det være første dag i Berlin? Passer ikke rigtig med Peters og Christians regnskab… Jeg har en svag erindring om, at vi nulstillede optællingen halvvejs, fordi Christian var så langt bagefter, at han havde det lidt tungt med motivationen…? Men det er nok mere sandsynligt, at det er første del af regnskabet fra Berlin-turen (fredag) og at der mangler en mellemregning fra bogen til starten i Peters regneark…
A7: 5 | C7: 43000 | L7: Janus, Berlin | N7: Fredag er tom i regnearket, men vi starter ikke på nul, så det er nok videreført fra dagen før (J: 140 / T: -84 / P: -68 / C: 12)
A8: 6 | B8: x | C8: 43001 | D8: -398 | E8: 106 | F8: 554 | G8: -262 | H8: =sum(D8+F8+E8+G8) -> 0 | I8: 26 | L8: Janus, Berlin | M8: whistberlin.xlsx
A9: 7 | B9: x | C9: 43002 | D9: -56 | E9: -8 | F9: 32 | G9: 32 | H9: =sum(D9+F9+E9+G9) -> 0 | I9: 11 | L9: Janus, Berlin | M9: whistberlin.xlsx
A10: 8 | B10: x | C10: 43407 | D10: -92 | E10: -84 | F10: -180 | G10: 356 | H10: =sum(D10+F10+E10+G10) -> 0 | I10: 51 | L10: Thomas | M10: Whist Thomas.xlsx
A11: 9 | B11: x | C11: 43491 | D11: -132 | E11: -160 | F11: 282 | G11: 10 | H11: =sum(D11+F11+E11+G11) -> 0 | I11: 41 | L11: Peter, Lyngby | M11: Whist – 26-01-2019 | N11: Foto – bl.a. af Peter, der skærer en lækker steg. Og af regnskabsbogen.
A12: 10 | B12: x | C12: 43644 | D12: 320 | E12: -64 | F12: -152 | G12: -104 | H12: =sum(D12+F12+E12+G12) -> 0 | I12: 32 | L12: Peter, Lyngby (Pool) | M12: Whist Ongoing.xlsx | N12: Foto bl.a. af poolen
A13: 11 | B13: x | C13: 43798 | D13: 226 | E13: -222 | F13: 6 | G13: -10 | H13: =sum(D13+F13+E13+G13) -> 0 | I13: 26 | L13: Dyrehaven, Vesterbro | M13: Whist Ongoing.xlsx | N13: Foto og videoer (+ foto i WhatsApp-tråden)
A14: 12a | B14: x | C14: 43882 | D14: 0 | E14: -8 | F14: 48 | G14: -40 | H14: =sum(D14+F14+E14+G14) -> 0 | I14: 8 | L14: Peter, Løkken | M14: Whist Ongoing.xlsx | N14: På samme ark som 12b (12a er fra færgen)
A15: 12b | B15: x | C15: 43882 | D15: 104 | E15: -88 | F15: -32 | G15: 16 | H15: =sum(D15+F15+E15+G15) -> 0 | I15: 27 | L15: Peter, Løkken | M15: Whist Ongoing.xlsx
A16: 13 | B16: x | C16: 43883 | D16: 178 | E16: -134 | F16: 142 | G16: -186 | H16: =sum(D16+F16+E16+G16) -> 0 | I16: 31 | L16: Peter, Løkken | M16: Whist Ongoing.xlsx
A17: 14 | B17: x | C17: 44106 | D17: -72 | E17: -40 | F17: 224 | G17: -112 | H17: =sum(D17+F17+E17+G17) -> 0 | I17: 27 | L17: Christian, Østerbro | M17: Whist Ongoing.xlsx
A18: 15 | B18: x | C18: 44365 | D18: 8 | E18: 128 | F18: -176 | G18: 40 | H18: =sum(D18+F18+E18+G18) -> 0 | I18: 18 | L18: Thomas, Valby | M18: Whist Ongoing.xlsx
A19: 16 | B19: x | C19: 44518 | D19: -300 | E19: -20 | F19: 12 | G19: 308 | H19: =sum(D19+F19+E19+G19) -> 0 | I19: 27 | L19: Stempel, Vesterbro | M19: Whist Ongoing.xlsx
A20: 17 | B20: x | C20: 44617 | D20: 96 | E20: -304 | F20: 368 | G20: -160 | H20: =sum(D20+F20+E20+G20) -> 0 | I20: 25 | L20: Peter, Løkken | M20: whistløkken2022.xlsx
A21: 18 | B21: x | C21: 44618 | D21: 286 | E21: -282 | F21: 30 | G21: -34 | H21: =sum(D21+F21+E21+G21) -> 0 | I21: 40 | L21: Peter, Løkken | M21: whistløkken2022.xlsx
A22: 19 | B22: x | C22: 44939 | D22: 104 | E22: -248 | F22: 68 | G22: 76 | H22: =sum(D22+F22+E22+G22) -> 0 | I22: 8 | L22: Janus, Berlin | M22: whistberlin2023.xlsx | N22: Færgen mod Tyskland
A23: 20 | B23: x | C23: 44940 | D23: 312 | E23: -100 | F23: -136 | G23: -76 | H23: =sum(D23+F23+E23+G23) -> 0 | I23: 30 | L23: Janus, Berlin | M23: whistberlin2023.xlsx | N23: Lørdag
A24: 21 | C24: 45085 | D24: -80 | E24: -168 | F24: 88 | G24: 160 | H24: =sum(D24+F24+E24+G24) -> 0 | I24: 22 | L24: Kayak Bar | M24: whistkajakbar2023.xlsx | N24: På Kayak Bar
A25: 22 | C25: 45199 | D25: -326 | E25: -330 | F25: 282 | G25: 374 | H25: =sum(D25+F25+E25+G25) -> 0 | I25: 39 | L25: Peter, Lyngby | M25: whistLyngby2023 | N25: Delt over i tre afdelinger
A26: 23 | C26: 45470 | D26: -294 | E26: -286 | F26: 366 | G26: 214 | H26: =sum(D26+F26+E26+G26) -> 0 | I26: 19 | L26: Kayak Bar
A27: 24 | C27: 45510 | D27: 366 | E27: -858 | F27: 2 | G27: 490 | H27: =sum(D27+F27+E27+G27) -> 0 | I27: 17 | L27: Thomas, Valby
A28: 25 | C28: 45625 | D28: 224 | E28: 168 | F28: -56 | G28: -336 | H28: =sum(D28+F28+E28+G28) -> 0 | I28: 20 | L28: Janus, Berlin
A29: 26 | C29: 45626 | D29: 184 | E29: -32 | F29: -96 | G29: -56 | H29: =sum(D29+F29+E29+G29) -> 0 | I29: 29 | L29: Janus, Berlin
A30: 27 | C30: 45744 | D30: -12 | E30: -76 | F30: 164 | G30: -72 | H30: =sum(D30+F30+E30+G30) -> 4 | L30: Dyrhaven
A31: 28 | C31: 45822 | D31: 285 | E31: -123 | F31: 39 | G31: -201 | H31: =sum(D31+F31+E31+G31) -> 0 | L31: Peter (efter skydebanen)
C33: Minimum | D33: =MIN(D3:D32) -> -398 | E33: =MIN(E3:E32) -> -872 | F33: =MIN(F3:F32) -> -180 | G33: =MIN(G3:G32) -> -404 | I33: =MIN(I3:I32) -> 8
C34: Gennemsnit | D34: =AVERAGE(D3:D32) -> 43.821429 | E34: =AVERAGE(E3:E32) -> -153.32143 | F34: =AVERAGE(F3:F32) -> 107.39286 | G34: =AVERAGE(G3:G32) -> -1.4642857 | I34: =AVERAGE(I3:I32) -> 26.807692
C35: Maksimum | D35: =MAX(D3:D32) -> 544 | E35: =MAX(E3:E32) -> 234 | F35: =MAX(F3:F32) -> 554 | G35: =MAX(G3:G32) -> 490 | I35: =MAX(I3:I32) -> 51
D36: =sum(D3:D32) -> 1227 | E36: =sum(E3:E32) -> -4293 | F36: =sum(F3:F32) -> 3007 | G36: =sum(G3:G32) -> -41 | I36: =sum(I3:I32) -> 697
A37: KUN fra runde 8
C38: Minimum | D38: =MIN(D10:D27) -> -326 | E38: =MIN(E10:E27) -> -858 | F38: =MIN(F10:F27) -> -180 | G38: =MIN(G10:G27) -> -186
C39: Gennemsnit | D39: =AVERAGE(D10:D27) -> 39.111111 | E39: =AVERAGE(E10:E27) -> -181.55556 | F39: =AVERAGE(F10:F27) -> 69 | G39: =AVERAGE(G10:G27) -> 73.444444
C40: Maksimum | D40: =MAX(D10:D27) -> 366 | E40: =MAX(E10:E27) -> 128 | F40: =MAX(F10:F27) -> 368 | G40: =MAX(G10:G27) -> 490
D41: =sum(D10:D27) -> 704 | E41: =sum(E10:E27) -> -3268 | F41: =sum(F10:F27) -> 1242 | G41: =sum(G10:G27) -> 1322

Sheet STATISTIK_chipleader
A1: Rang | B1: Thomas | C1: Peter | D1: Janus | E1: Christian | G1: ='00_Regnskab_01'!D2 -> Thomas | H1: ='00_Regnskab_01'!E2 -> Peter | I1: ='00_Regnskab_01'!F2 -> Janus | J1: ='00_Regnskab_01'!G2 -> Christian | K1: Thomas placerin | L1: Peters | M1: Janus | N1: Christian'
A2: 1 | B2: =COUNTIF(K2:K31, 1) -> 11 | C2: =COUNTIF(L2:L31, 1) -> 2 | D2: =COUNTIF(M2:M31, 1) -> 9 | E2: =COUNTIF(N2:N31, 1) -> 7 | G2: ='00_Regnskab_01'!D3 -> -230 | H2: ='00_Regnskab_01'!E3 -> -166 | I2: ='00_Regnskab_01'!F3 -> 370 | J2: ='00_Regnskab_01'!G3 -> 8 | K2: =_xlfn.RANK.EQ(G2, G2:J2, FALSE) -> 4 | L2: =_xlfn.RANK.EQ(H2, G2:J2, FALSE) -> 3 | M2: =_xlfn.RANK.EQ(I2, G2:J2, FALSE) -> 1 | N2: =_xlfn.RANK.EQ(J2, G2:J2, FALSE) -> 2
A3: 2 | B3: =COUNTIF(K2:K31, 2) -> 4 | C3: =COUNTIF(L2:L31, 2) -> 6 | D3: =COUNTIF(M2:M31, 2) -> 10 | E3: =COUNTIF(N3:N32, 2) -> 6 | G3: ='00_Regnskab_01'!D4 -> 544 | H3: ='00_Regnskab_01'!E4 -> -872 | I3: ='00_Regnskab_01'!F4 -> 472 | J3: ='00_Regnskab_01'!G4 -> -258 | K3: =_xlfn.RANK.EQ(G3, G3:J3, FALSE) -> 1 | L3: =_xlfn.RANK.EQ(H3, G3:J3, FALSE) -> 4 | M3: =_xlfn.RANK.EQ(I3, G3:J3, FALSE) -> 2 | N3: =_xlfn.RANK.EQ(J3, G3:J3, FALSE) -> 3
A4: 3 | B4: =COUNTIF(K2:K31, 3) -> 8 | C4: =COUNTIF(L2:L31, 3) -> 8 | D4: =COUNTIF(M2:M31, 3) -> 4 | E4: =COUNTIF(N4:N33, 3) -> 9 | G4: ='00_Regnskab_01'!D5 -> 54 | H4: ='00_Regnskab_01'!E5 -> 234 | I4: ='00_Regnskab_01'!F5 -> 148 | J4: ='00_Regnskab_01'!G5 -> -404 | K4: =_xlfn.RANK.EQ(G4, G4:J4, FALSE) -> 3 | L4: =_xlfn.RANK.EQ(H4, G4:J4, FALSE) -> 1 | M4: =_xlfn.RANK.EQ(I4, G4:J4, FALSE) -> 2 | N4: =_xlfn.RANK.EQ(J4, G4:J4, FALSE) -> 4
A5: 4 | B5: =COUNTIF(K2:K31, 4) -> 5 | C5: =COUNTIF(L2:L31, 4) -> 12 | D5: =COUNTIF(M2:M31, 4) -> 5 | E5: =COUNTIF(N5:N34, 4) -> 5 | G5: ='00_Regnskab_01'!D6 -> -72 | H5: ='00_Regnskab_01'!E6 -> -256 | I5: ='00_Regnskab_01'!F6 -> 138 | J5: ='00_Regnskab_01'!G6 -> 186 | K5: =_xlfn.RANK.EQ(G5, G5:J5, FALSE) -> 3 | L5: =_xlfn.RANK.EQ(H5, G5:J5, FALSE) -> 4 | M5: =_xlfn.RANK.EQ(I5, G5:J5, FALSE) -> 2 | N5: =_xlfn.RANK.EQ(J5, G5:J5, FALSE) -> 1
G6: ='00_Regnskab_01'!D7 | H6: ='00_Regnskab_01'!E7 | I6: ='00_Regnskab_01'!F7 | J6: ='00_Regnskab_01'!G7 | K6: =_xlfn.RANK.EQ(G6, G6:J6, FALSE) -> #N/A | L6: =_xlfn.RANK.EQ(H6, G6:J6, FALSE) -> #N/A | M6: =_xlfn.RANK.EQ(I6, G6:J6, FALSE) -> #N/A | N6: =_xlfn.RANK.EQ(J6, G6:J6, FALSE) -> #N/A
A7: Gennemsnit | B7: =(1*B2 + 2*B3 + 3*B4 + 4*B5) / SUM(B2:B5) -> 2.25 | C7: =(1*C2 + 2*C3 + 3*C4 + 4*C5) / SUM(C2:C5) -> 3.0714286 | D7: =(1*D2 + 2*D3 + 3*D4 + 4*D5) / SUM(D2:D5) -> 2.1785714 | E7: =(1*E2 + 2*E3 + 3*E4 + 4*E5) / SUM(E2:E5) -> 2.4444444 | G7: ='00_Regnskab_01'!D8 -> -398 | H7: ='00_Regnskab_01'!E8 -> 106 | I7: ='00_Regnskab_01'!F8 -> 554 | J7: ='00_Regnskab_01'!G8 -> -262 | K7: =_xlfn.RANK.EQ(G7, G7:J7, FALSE) -> 4 | L7: =_xlfn.RANK.EQ(H7, G7:J7, FALSE) -> 2 | M7: =_xlfn.RANK.EQ(I7, G7:J7, FALSE) -> 1 | N7: =_xlfn.RANK.EQ(J7, G7:J7, FALSE) -> 3
G8: ='00_Regnskab_01'!D9 -> -56 | H8: ='00_Regnskab_01'!E9 -> -8 | I8: ='00_Regnskab_01'!F9 -> 32 | J8: ='00_Regnskab_01'!G9 -> 32 | K8: =_xlfn.RANK.EQ(G8, G8:J8, FALSE) -> 4 | L8: =_xlfn.RANK.EQ(H8, G8:J8, FALSE) -> 3 | M8: =_xlfn.RANK.EQ(I8, G8:J8, FALSE) -> 1 | N8: =_xlfn.RANK.EQ(J8, G8:J8, FALSE) -> 1
A9: PROCENT | G9: ='00_Regnskab_01'!D10 -> -92 | H9: ='00_Regnskab_01'!E10 -> -84 | I9: ='00_Regnskab_01'!F10 -> -180 | J9: ='00_Regnskab_01'!G10 -> 356 | K9: =_xlfn.RANK.EQ(G9, G9:J9, FALSE) -> 3 | L9: =_xlfn.RANK.EQ(H9, G9:J9, FALSE) -> 2 | M9: =_xlfn.RANK.EQ(I9, G9:J9, FALSE) -> 4 | N9: =_xlfn.RANK.EQ(J9, G9:J9, FALSE) -> 1
A10: 1 | B10: =B2 / SUM(B$2:B$5) -> 0.39285714 | C10: =C2 / SUM(C$2:C$5) -> 0.071428571 | D10: =D2 / SUM(D$2:D$5) -> 0.32142857 | E10: =E2 / SUM(E$2:E$5) -> 0.25925926 | G10: ='00_Regnskab_01'!D11 -> -132 | H10: ='00_Regnskab_01'!E11 -> -160 | I10: ='00_Regnskab_01'!F11 -> 282 | J10: ='00_Regnskab_01'!G11 -> 10 | K10: =_xlfn.RANK.EQ(G10, G10:J10, FALSE) -> 3 | L10: =_xlfn.RANK.EQ(H10, G10:J10, FALSE) -> 4 | M10: =_xlfn.RANK.EQ(I10, G10:J10, FALSE) -> 1 | N10: =_xlfn.RANK.EQ(J10, G10:J10, FALSE) -> 2
A11: 2 | B11: =B3 / SUM(B$2:B$5) -> 0.14285714 | C11: =C3 / SUM(C$2:C$5) -> 0.21428571 | D11: =D3 / SUM(D$2:D$5) -> 0.35714286 | E11: =E3 / SUM(E$2:E$5) -> 0.22222222 | G11: ='00_Regnskab_01'!D12 -> 320 | H11: ='00_Regnskab_01'!E12 -> -64 | I11: ='00_Regnskab_01'!F12 -> -152 | J11: ='00_Regnskab_01'!G12 -> -104 | K11: =_xlfn.RANK.EQ(G11, G11:J11, FALSE) -> 1 | L11: =_xlfn.RANK.EQ(H11, G11:J11, FALSE) -> 2 | M11: =_xlfn.RANK.EQ(I11, G11:J11, FALSE) -> 4 | N11: =_xlfn.RANK.EQ(J11, G11:J11, FALSE) -> 3
A12: 3 | B12: =B4 / SUM(B$2:B$5) -> 0.28571429 | C12: =C4 / SUM(C$2:C$5) -> 0.28571429 | D12: =D4 / SUM(D$2:D$5) -> 0.14285714 | E12: =E4 / SUM(E$2:E$5) -> 0.33333333 | G12: ='00_Regnskab_01'!D13 -> 226 | H12: ='00_Regnskab_01'!E13 -> -222 | I12: ='00_Regnskab_01'!F13 -> 6 | J12: ='00_Regnskab_01'!G13 -> -10 | K12: =_xlfn.RANK.EQ(G12, G12:J12, FALSE) -> 1 | L12: =_xlfn.RANK.EQ(H12, G12:J12, FALSE) -> 4 | M12: =_xlfn.RANK.EQ(I12, G12:J12, FALSE) -> 2 | N12: =_xlfn.RANK.EQ(J12, G12:J12, FALSE) -> 3
A13: 4 | B13: =B5 / SUM(B$2:B$5) -> 0.17857143 | C13: =C5 / SUM(C$2:C$5) -> 0.42857143 | D13: =D5 / SUM(D$2:D$5) -> 0.17857143 | E13: =E5 / SUM(E$2:E$5) -> 0.18518519 | G13: ='00_Regnskab_01'!D14 -> 0 | H13: ='00_Regnskab_01'!E14 -> -8 | I13: ='00_Regnskab_01'!F14 -> 48 | J13: ='00_Regnskab_01'!G14 -> -40 | K13: =_xlfn.RANK.EQ(G13, G13:J13, FALSE) -> 2 | L13: =_xlfn.RANK.EQ(H13, G13:J13, FALSE) -> 3 | M13: =_xlfn.RANK.EQ(I13, G13:J13, FALSE) -> 1 | N13: =_xlfn.RANK.EQ(J13, G13:J13, FALSE) -> 4
G14: ='00_Regnskab_01'!D15 -> 104 | H14: ='00_Regnskab_01'!E15 -> -88 | I14: ='00_Regnskab_01'!F15 -> -32 | J14: ='00_Regnskab_01'!G15 -> 16 | K14: =_xlfn.RANK.EQ(G14, G14:J14, FALSE) -> 1 | L14: =_xlfn.RANK.EQ(H14, G14:J14, FALSE) -> 4 | M14: =_xlfn.RANK.EQ(I14, G14:J14, FALSE) -> 3 | N14: =_xlfn.RANK.EQ(J14, G14:J14, FALSE) -> 2
G15: ='00_Regnskab_01'!D16 -> 178 | H15: ='00_Regnskab_01'!E16 -> -134 | I15: ='00_Regnskab_01'!F16 -> 142 | J15: ='00_Regnskab_01'!G16 -> -186 | K15: =_xlfn.RANK.EQ(G15, G15:J15, FALSE) -> 1 | L15: =_xlfn.RANK.EQ(H15, G15:J15, FALSE) -> 3 | M15: =_xlfn.RANK.EQ(I15, G15:J15, FALSE) -> 2 | N15: =_xlfn.RANK.EQ(J15, G15:J15, FALSE) -> 4
G16: ='00_Regnskab_01'!D17 -> -72 | H16: ='00_Regnskab_01'!E17 -> -40 | I16: ='00_Regnskab_01'!F17 -> 224 | J16: ='00_Regnskab_01'!G17 -> -112 | K16: =_xlfn.RANK.EQ(G16, G16:J16, FALSE) -> 3 | L16: =_xlfn.RANK.EQ(H16, G16:J16, FALSE) -> 2 | M16: =_xlfn.RANK.EQ(I16, G16:J16, FALSE) -> 1 | N16: =_xlfn.RANK.EQ(J16, G16:J16, FALSE) -> 4
G17: ='00_Regnskab_01'!D18 -> 8 | H17: ='00_Regnskab_01'!E18 -> 128 | I17: ='00_Regnskab_01'!F18 -> -176 | J17: ='00_Regnskab_01'!G18 -> 40 | K17: =_xlfn.RANK.EQ(G17, G17:J17, FALSE) -> 3 | L17: =_xlfn.RANK.EQ(H17, G17:J17, FALSE) -> 1 | M17: =_xlfn.RANK.EQ(I17, G17:J17, FALSE) -> 4 | N17: =_xlfn.RANK.EQ(J17, G17:J17, FALSE) -> 2
G18: ='00_Regnskab_01'!D19 -> -300 | H18: ='00_Regnskab_01'!E19 -> -20 | I18: ='00_Regnskab_01'!F19 -> 12 | J18: ='00_Regnskab_01'!G19 -> 308 | K18: =_xlfn.RANK.EQ(G18, G18:J18, FALSE) -> 4 | L18: =_xlfn.RANK.EQ(H18, G18:J18, FALSE) -> 3 | M18: =_xlfn.RANK.EQ(I18, G18:J18, FALSE) -> 2 | N18: =_xlfn.RANK.EQ(J18, G18:J18, FALSE) -> 1
G19: ='00_Regnskab_01'!D20 -> 96 | H19: ='00_Regnskab_01'!E20 -> -304 | I19: ='00_Regnskab_01'!F20 -> 368 | J19: ='00_Regnskab_01'!G20 -> -160 | K19: =_xlfn.RANK.EQ(G19, G19:J19, FALSE) -> 2 | L19: =_xlfn.RANK.EQ(H19, G19:J19, FALSE) -> 4 | M19: =_xlfn.RANK.EQ(I19, G19:J19, FALSE) -> 1 | N19: =_xlfn.RANK.EQ(J19, G19:J19, FALSE) -> 3
G20: ='00_Regnskab_01'!D21 -> 286 | H20: ='00_Regnskab_01'!E21 -> -282 | I20: ='00_Regnskab_01'!F21 -> 30 | J20: ='00_Regnskab_01'!G21 -> -34 | K20: =_xlfn.RANK.EQ(G20, G20:J20, FALSE) -> 1 | L20: =_xlfn.RANK.EQ(H20, G20:J20, FALSE) -> 4 | M20: =_xlfn.RANK.EQ(I20, G20:J20, FALSE) -> 2 | N20: =_xlfn.RANK.EQ(J20, G20:J20, FALSE) -> 3
G21: ='00_Regnskab_01'!D22 -> 104 | H21: ='00_Regnskab_01'!E22 -> -248 | I21: ='00_Regnskab_01'!F22 -> 68 | J21: ='00_Regnskab_01'!G22 -> 76 | K21: =_xlfn.RANK.EQ(G21, G21:J21, FALSE) -> 1 | L21: =_xlfn.RANK.EQ(H21, G21:J21, FALSE) -> 4 | M21: =_xlfn.RANK.EQ(I21, G21:J21, FALSE) -> 3 | N21: =_xlfn.RANK.EQ(J21, G21:J21, FALSE) -> 2
G22: ='00_Regnskab_01'!D23 -> 312 | H22: ='00_Regnskab_01'!E23 -> -100 | I22: ='00_Regnskab_01'!F23 -> -136 | J22: ='00_Regnskab_01'!G23 -> -76 | K22: =_xlfn.RANK.EQ(G22, G22:J22, FALSE) -> 1 | L22: =_xlfn.RANK.EQ(H22, G22:J22, FALSE) -> 3 | M22: =_xlfn.RANK.EQ(I22, G22:J22, FALSE) -> 4 | N22: =_xlfn.RANK.EQ(J22, G22:J22, FALSE) -> 2
G23: ='00_Regnskab_01'!D24 -> -80 | H23: ='00_Regnskab_01'!E24 -> -168 | I23: ='00_Regnskab_01'!F24 -> 88 | J23: ='00_Regnskab_01'!G24 -> 160 | K23: =_xlfn.RANK.EQ(G23, G23:J23, FALSE) -> 3 | L23: =_xlfn.RANK.EQ(H23, G23:J23, FALSE) -> 4 | M23: =_xlfn.RANK.EQ(I23, G23:J23, FALSE) -> 2 | N23: =_xlfn.RANK.EQ(J23, G23:J23, FALSE) -> 1
G24: ='00_Regnskab_01'!D25 -> -326 | H24: ='00_Regnskab_01'!E25 -> -330 | I24: ='00_Regnskab_01'!F25 -> 282 | J24: ='00_Regnskab_01'!G25 -> 374 | K24: =_xlfn.RANK.EQ(G24, G24:J24, FALSE) -> 3 | L24: =_xlfn.RANK.EQ(H24, G24:J24, FALSE) -> 4 | M24: =_xlfn.RANK.EQ(I24, G24:J24, FALSE) -> 2 | N24: =_xlfn.RANK.EQ(J24, G24:J24, FALSE) -> 1
G25: ='00_Regnskab_01'!D26 -> -294 | H25: ='00_Regnskab_01'!E26 -> -286 | I25: ='00_Regnskab_01'!F26 -> 366 | J25: ='00_Regnskab_01'!G26 -> 214 | K25: =_xlfn.RANK.EQ(G25, G25:J25, FALSE) -> 4 | L25: =_xlfn.RANK.EQ(H25, G25:J25, FALSE) -> 3 | M25: =_xlfn.RANK.EQ(I25, G25:J25, FALSE) -> 1 | N25: =_xlfn.RANK.EQ(J25, G25:J25, FALSE) -> 2
... G36: ='00_Regnskab_01'!D37 | H36: ='00_Regnskab_01'!E37 | I36: ='00_Regnskab_01'!F37 | J36: ='00_Regnskab_01'!G37 | K36: =_xlfn.RANK.EQ(G36, G36:J36, FALSE) -> #N/A | L36: =_xlfn.RANK.EQ(H36, G36:J36, FALSE) -> #N/A | M36: =_xlfn.RANK.EQ(I36, G36:J36, FALSE) -> #N/A | N36: =_xlfn.RANK.EQ(J36, G36:J36, FALSE) -> #N/A

Sheet d_udvikling
C1: Thomas | D1: Janus | E1: Peter | F1: Christian | H1: # | J1: Thomas | K1: Janus | L1: Peter | M1: Christian
A2: 1 | B2: 42542 | C2: -230 | D2: 370 | E2: -166 | F2: 8 | H2: =A2 -> 1 | I2: =B2 -> 42542 | J2: =C2 -> -230 | K2: =D2 -> 370 | L2: =E2 -> -166 | M2: =F2 -> 8
A3: 2 | B3: 42637 | C3: 544 | D3: 472 | E3: -872 | F3: -258 | H3: =A3 -> 2 | I3: =B3 -> 42637 | J3: =sum(C3+J2) -> 314 | K3: =sum(D3+K2) -> 842 | L3: =sum(E3+L2) -> -1038 | M3: =sum(F3+M2) -> -250
A4: 3 | B4: 42791 | C4: 54 | D4: 148 | E4: 234 | F4: -404 | H4: =A4 -> 3 | I4: =B4 -> 42791 | J4: =sum(C4+J3) -> 368 | K4: =sum(D4+K3) -> 990 | L4: =sum(E4+L3) -> -804 | M4: =sum(F4+M3) -> -654
A5: 4 | B5: ? | C5: -72 | D5: 138 | E5: -256 | F5: 186 | H5: =A5 -> 4 | I5: 42887 | J5: =sum(C5+J4) -> 296 | K5: =sum(D5+K4) -> 1128 | L5: =sum(E5+L4) -> -1060 | M5: =sum(F5+M4) -> -468
A6: 6 | B6: 43001 | C6: -398 | D6: 554 | E6: 106 | F6: -262 | H6: =A6 -> 6 | I6: =B6 -> 43001 | J6: =sum(C6+J5) -> -102 | K6: =sum(D6+K5) -> 1682 | L6: =sum(E6+L5) -> -954 | M6: =sum(F6+M5) -> -730
A7: 7 | B7: 43002 | C7: -56 | D7: 32 | E7: -8 | F7: 32 | H7: =A7 -> 7 | I7: =B7 -> 43002 | J7: =sum(C7+J6) -> -158 | K7: =sum(D7+K6) -> 1714 | L7: =sum(E7+L6) -> -962 | M7: =sum(F7+M6) -> -698
A8: 8 | B8: 43407 | C8: -92 | D8: -180 | E8: -84 | F8: 356 | H8: =A8 -> 8 | I8: =B8 -> 43407 | J8: =sum(C8+J7) -> -250 | K8: =sum(D8+K7) -> 1534 | L8: =sum(E8+L7) -> -1046 | M8: =sum(F8+M7) -> -342
A9: 9 | B9: 43491 | C9: -132 | D9: 282 | E9: -160 | F9: 10 | H9: =A9 -> 9 | I9: =B9 -> 43491 | J9: =sum(C9+J8) -> -382 | K9: =sum(D9+K8) -> 1816 | L9: =sum(E9+L8) -> -1206 | M9: =sum(F9+M8) -> -332
A10: 10 | B10: 43644 | C10: 320 | D10: -152 | E10: -64 | F10: -104 | H10: =A10 -> 10 | I10: =B10 -> 43644 | J10: =sum(C10+J9) -> -62 | K10: =sum(D10+K9) -> 1664 | L10: =sum(E10+L9) -> -1270 | M10: =sum(F10+M9) -> -436
A11: 11 | B11: 43798 | C11: 226 | D11: 6 | E11: -222 | F11: -10 | H11: =A11 -> 11 | I11: =B11 -> 43798 | J11: =sum(C11+J10) -> 164 | K11: =sum(D11+K10) -> 1670 | L11: =sum(E11+L10) -> -1492 | M11: =sum(F11+M10) -> -446
A12: 12a | B12: 43882 | C12: 0 | D12: 48 | E12: -8 | F12: -40 | H12: =A12 -> 12a | I12: =B12 -> 43882 | J12: =sum(C12+J11) -> 164 | K12: =sum(D12+K11) -> 1718 | L12: =sum(E12+L11) -> -1500 | M12: =sum(F12+M11) -> -486
A13: 12b | B13: 43882 | C13: 104 | D13: -32 | E13: -88 | F13: 16 | H13: =A13 -> 12b | I13: =B13 -> 43882 | J13: =sum(C13+J12) -> 268 | K13: =sum(D13+K12) -> 1686 | L13: =sum(E13+L12) -> -1588 | M13: =sum(F13+M12) -> -470
A14: 13 | B14: 43883 | C14: 178 | D14: 142 | E14: -134 | F14: -186 | H14: =A14 -> 13 | I14: =B14 -> 43883 | J14: =sum(C14+J13) -> 446 | K14: =sum(D14+K13) -> 1828 | L14: =sum(E14+L13) -> -1722 | M14: =sum(F14+M13) -> -656
A15: 14 | B15: 44106 | C15: -72 | D15: 224 | E15: -40 | F15: -112 | H15: =A15 -> 14 | I15: =B15 -> 44106 | J15: =sum(C15+J14) -> 374 | K15: =sum(D15+K14) -> 2052 | L15: =sum(E15+L14) -> -1762 | M15: =sum(F15+M14) -> -768
A16: 15 | B16: 44365 | C16: 8 | D16: -176 | E16: 128 | F16: 40 | H16: =A16 -> 15 | I16: =B16 -> 44365 | J16: =sum(C16+J15) -> 382 | K16: =sum(D16+K15) -> 1876 | L16: =sum(E16+L15) -> -1634 | M16: =sum(F16+M15) -> -728
A17: 16 | B17: 44518 | C17: -300 | D17: 12 | E17: -20 | F17: 308 | H17: =A17 -> 16 | I17: =B17 -> 44518 | J17: =sum(C17+J16) -> 82 | K17: =sum(D17+K16) -> 1888 | L17: =sum(E17+L16) -> -1654 | M17: =sum(F17+M16) -> -420
A18: 17 | B18: 44617 | C18: 96 | D18: 368 | E18: -304 | F18: -160 | H18: =A18 -> 17 | I18: =B18 -> 44617 | J18: =sum(C18+J17) -> 178 | K18: =sum(D18+K17) -> 2256 | L18: =sum(E18+L17) -> -1958 | M18: =sum(F18+M17) -> -580
A19: 18 | B19: 44618 | C19: 286 | D19: 30 | E19: -34 | F19: -282 | H19: =A19 -> 18 | I19: =B19 -> 44618 | J19: =sum(C19+J18) -> 464 | K19: =sum(D19+K18) -> 2286 | L19: =sum(E19+L18) -> -1992 | M19: =sum(F19+M18) -> -862
A20: 19 | B20: 44939 | C20: 26 | D20: 86 | E20: 102 | F20: -214 | H20: =A20 -> 19 | I20: =B20 -> 44939 | J20: =sum(C20+J19) -> 490 | K20: =sum(D20+K19) -> 2372 | L20: =sum(E20+L19) -> -1890 | M20: =sum(F20+M19) -> -1076
A21: 20 | B21: 44939 | C21: 104 | D21: 68 | E21: -248 | F21: 76 | H21: =A21 -> 20 | I21: =B21 -> 44939 | J21: =sum(C21+J20) -> 594 | K21: =sum(D21+K20) -> 2440 | L21: =sum(E21+L20) -> -2138 | M21: =sum(F21+M20) -> -1000
A22: 21 | B22: 44940 | C22: 312 | D22: -136 | E22: -100 | F22: -76 | H22: =A22 -> 21 | I22: =B22 -> 44940 | J22: =sum(C22+J21) -> 906 | K22: =sum(D22+K21) -> 2304 | L22: =sum(E22+L21) -> -2238 | M22: =sum(F22+M21) -> -1076
A23: 22 | B23: 45085 | C23: -80 | D23: 88 | E23: -168 | F23: 160 | H23: =A23 -> 22 | I23: =B23 -> 45085 | J23: =sum(C23+J22) -> 826 | K23: =sum(D23+K22) -> 2392 | L23: =sum(E23+L22) -> -2406 | M23: =sum(F23+M22) -> -916
A24: 23 | B24: 31/09/2023 | C24: -22 | D24: 294 | E24: -670 | F24: 398 | H24: 23 | I24: =B24 -> 31/09/2023 | J24: =sum(C24+J23) -> 804 | K24: =sum(D24+K23) -> 2686 | L24: =sum(E24+L23) -> -3076 | M24: =sum(F24+M23) -> -518

Sheet SAMLET_alle regnskab
B1: ='00_Regnskab_01'!A11 -> 9 | C1: ='00_Regnskab_01'!C11 -> 43491 | E1: ='00_Regnskab_01'!L11 -> Peter, Lyngby | T1: due | BB1: test | BC1: DATO
M2: Melding | U2: Vundet / tabt pr. hånd | AB2: MED MELDING | AH2: vundet | AI2: tabt | AK2: VINDERE | AS2: TABERE | AX2: MAKKER | BD2: STREAKS | BE2: WIN / RUNDER | BJ2: LOOSE / RUNDER | BO2: WIN / KR | BT2: LOOSE / KR | BY2: SPILLEDAGE
A3: # | B3: spil | C3: Thomas | D3: Peter | E3: Janus | F3: Christian | G3: Tjek | H3: Melder | I3: Makker | J3: giver | K3: Vindende melding | M3: Antal | N3: Type | O3: Vip | P3: Gode i 3. | Q3: går med | R3: selvmakker | S3: Storslem | U3: =C3 -> Thomas | V3: =D3 -> Peter | W3: =E3 -> Janus | X3: =F3 -> Christian | Z3: Alene? | AB3: =U3 -> Thomas | AC3: =V3 -> Peter | AD3: =W3 -> Janus | AE3: =X3 -> Christian | AH3: =countif(AH4:AH596, ">0") -> 325 | AI3: =countif(AI4:AI596, "<0") -> 215 | AK3: =C3 -> Thomas | AL3: =D3 -> Peter | AM3: =E3 -> Janus | AN3: =F3 -> Christian | AP3: Melding | AQ3: Makker | AS3: =AK3 -> Thomas | AT3: =AL3 -> Peter | AU3: =AM3 -> Janus | AV3: =AN3 -> Christian | AX3: tjek | AY3: =U3 -> Thomas | AZ3: =V3 -> Peter | BA3: =W3 -> Janus | BB3: =X3 -> Christian | BE3: =C3 -> Thomas | BF3: =D3 -> Peter | BG3: =E3 -> Janus | BH3: =F3 -> Christian | BJ3: =C3 -> Thomas | BK3: =D3 -> Peter | BL3: =E3 -> Janus | BM3: =F3 -> Christian | BO3: =C3 -> Thomas | BP3: =D3 -> Peter | BQ3: =E3 -> Janus | BR3: =F3 -> Christian | BT3: =C3 -> Thomas | BU3: =D3 -> Peter | BV3: =E3 -> Janus | BW3: =F3 -> Christian | BY3: (til dropdown)
A4: 1 | C4: ='00_Regnskab_01'!D3 -> -230 | D4: ='00_Regnskab_01'!E3 -> -166 | E4: ='00_Regnskab_01'!F3 -> 370 | F4: ='00_Regnskab_01'!G3 -> 8 | BC4: =OFFSET('00_Regnskab_01'!$A$1,MATCH(A4,'00_Regnskab_01'!$A$1:$A$25)-1,2) -> 42542 | BY4: {=UNIQUE(A4:A596)} -> 1
A5: 2 | C5: ='00_Regnskab_01'!D4 -> 544 | D5: ='00_Regnskab_01'!E4 -> -872 | E5: ='00_Regnskab_01'!F4 -> 472 | F5: ='00_Regnskab_01'!G4 -> -258 | BC5: =OFFSET('00_Regnskab_01'!$A$1,MATCH(A5,'00_Regnskab_01'!$A$1:$A$25)-1,2) -> 42637 | BY5: 2
A6: 3 | C6: ='00_Regnskab_01'!D5 -> 54 | D6: ='00_Regnskab_01'!E5 -> 234 | E6: ='00_Regnskab_01'!F5 -> 148 | F6: ='00_Regnskab_01'!G5 -> -404 | BC6: =OFFSET('00_Regnskab_01'!$A$1,MATCH(A6,'00_Regnskab_01'!$A$1:$A$25)-1,2) -> 42791 | BY6: 3
A7: 4 | C7: ='00_Regnskab_01'!D6 -> -72 | D7: ='00_Regnskab_01'!E6 -> -256 | E7: ='00_Regnskab_01'!F6 -> 138 | F7: ='00_Regnskab_01'!G6 -> 186 | BC7: =OFFSET('00_Regnskab_01'!$A$1,MATCH(A7,'00_Regnskab_01'!$A$1:$A$25)-1,2) -> ? | BY7: 4
A8: 5 | C8: =C7 -> -72 | D8: =D7 -> -256 | E8: =E7 -> 138 | F8: =F7 -> 186 | BC8: =OFFSET('00_Regnskab_01'!$A$1,MATCH(A8,'00_Regnskab_01'!$A$1:$A$25)-1,2) -> 43000 | BY8: 5
A9: 6 | C9: ='00_Regnskab_01'!D8 -> -398 | D9: ='00_Regnskab_01'!E8 -> 106 | E9: ='00_Regnskab_01'!F8 -> 554 | F9: ='00_Regnskab_01'!G8 -> -262 | BC9: =OFFSET('00_Regnskab_01'!$A$1,MATCH(A9,'00_Regnskab_01'!$A$1:$A$25)-1,2) -> 43001 | BY9: 6
A10: 7 | C10: ='00_Regnskab_01'!D9 -> -56 | D10: ='00_Regnskab_01'!E9 -> -8 | E10: ='00_Regnskab_01'!F9 -> 32 | F10: ='00_Regnskab_01'!G9 -> 32 | BC10: =OFFSET('00_Regnskab_01'!$A$1,MATCH(A10,'00_Regnskab_01'!$A$1:$A$25)-1,2) -> 43002 | BY10: 7
A11: 8 | B11: ='08_3-11-2018'!A3 -> 1 | C11: ='08_3-11-2018'!B3 -> 48 | D11: ='08_3-11-2018'!D3 -> -48 | E11: ='08_3-11-2018'!C3 -> 48 | F11: ='08_3-11-2018'!E3 -> -48 | G11: ='08_3-11-2018'!F3 -> 0 | H11: ='08_3-11-2018'!G3 -> Thomas | J11: ='08_3-11-2018'!H3 -> Christian | K11: ='08_3-11-2018'!I3 | U11: =C11 -> 48 | V11: =D11 -> -48 | W11: =E11 -> 48 | X11: =F11 -> -48 | AB11: =IF(AB$3=$H11,U11,"") -> 48 | AC11: =IF(AC$3=$H11,V11,"") | AD11: =IF(AD$3=$H11,W11,"") | AE11: =IF(AE$3=$H11,X11,"") | AH11: =MAXIFS(AB11:AE11,AB11:AE11, ">-1") -> 48 | AI11: =MINIFS(AB11:AE11,AB11:AE11, "<0") -> 0 | AK11: =IF(U11>0,AK$3,"") -> Thomas | AL11: =IF(V11>0,AL$3,"") | AM11: =IF(W11>0,AM$3,"") -> Janus | AN11: =IF(X11>0,AN$3,"") | AO11: =COUNTif(AK11:AN11,">0"&"*") -> 2 | AP11: =H11 -> Thomas | AQ11: =IFERROR(__xludf.DUMMYFUNCTION("IFNA(QUERY(transpose(AY11:BB11),""Select Col1 where Col1 is not null limit 1"",0))"),"Janus") -> Janus | AS11: =IF(AK11=AS$3,"",AS$3) | AT11: =IF(AL11=AT$3,"",AT$3) -> Peter | AU11: =IF(AM11=AU$3,"",AU$3) | AV11: =IF(AN11=AV$3,"",AV$3) -> Christian | AW11: =COUNTif(AS11:AV11,">0"&"*") -> 2 | AX11: =sum(AB11:AE11) -> 48 | AY11: =IFNA(IFS(AY$3=$AP11,"",$AX11=U11,AY$3),"") | AZ11: =IFNA(IFS(AZ$3=$AP11,"",$AX11=V11,AZ$3),"") | BA11: =IFNA(IFS(BA$3=$AP11,"",$AX11=W11,BA$3),"") -> Janus | BB11: =IFNA(IFS(BB$3=$AP11,"",$AX11=X11,BB$3),"") | BC11: =OFFSET('00_Regnskab_01'!$A$1,MATCH(A11,'00_Regnskab_01'!$A$1:$A$25)-1,2) -> 43407 | BE11: =if(U11>0,1+BE10,0) -> 1 | BF11: =if(V11>0,1+BF10,0) -> 0 | BG11: =if(W11>0,1+BG10,0) -> 1 | BH11: =if(X11>0,1+BH10,0) -> 0 | BJ11: =if(U11<0,1+BE10,0) -> 0 | BK11: =if(V11<0,1+BF10,0) -> 1 | BL11: =if(W11<0,1+BG10,0) -> 0 | BM11: =if(X11<0,1+BH10,0) -> 1 | BO11: =if(U11>0,U11+BO10,0) -> 48 | BP11: =if(V11>0,V11+BP10,0) -> 0 | BQ11: =if(W11>0,W11+BQ10,0) -> 48 | BR11: =if(X11>0,X11+BR10,0) -> 0 | BT11: =if(U11<0,U11+BT10,0) -> 0 | BU11: =if(V11<0,V11+BU10,0) -> -48 | BV11: =if(W11<0,W11+BV10,0) -> 0 | BW11: =if(X11<0,X11+BW10,0) -> -48 | BY11: 8
A12: 8 | B12: ='08_3-11-2018'!A4 -> 2 | C12: ='08_3-11-2018'!B4 -> 60 | D12: ='08_3-11-2018'!D4 -> -60 | E12: ='08_3-11-2018'!C4 -> 36 | F12: ='08_3-11-2018'!E4 -> -36 | G12: ='08_3-11-2018'!F4 -> 0 | H12: ='08_3-11-2018'!G4 -> Janus | J12: ='08_3-11-2018'!H4 -> Thomas | K12: ='08_3-11-2018'!I4 | U12: =C12-C11 -> 12 | V12: =D12-D11 -> -12 | W12: =E12-E11 -> -12 | X12: =F12-F11 -> 12 | AB12: =IF(AB$3=$H12,U12,"") | AC12: =IF(AC$3=$H12,V12,"") | AD12: =IF(AD$3=$H12,W12,"") -> -12 | AE12: =IF(AE$3=$H12,X12,"") | AH12: =MAXIFS(AB12:AE12,AB12:AE12, ">-1") -> 0 | AI12: =MINIFS(AB12:AE12,AB12:AE12, "<0") -> -12 | AK12: =IF(U12>0,AK$3,"") -> Thomas | AL12: =IF(V12>0,AL$3,"") | AM12: =IF(W12>0,AM$3,"") | AN12: =IF(X12>0,AN$3,"") -> Christian | AO12: =COUNTif(AK12:AN12,">0"&"*") -> 2 | AP12: =H12 -> Janus | AQ12: =IFERROR(__xludf.DUMMYFUNCTION("IFNA(QUERY(transpose(AY12:BB12),""Select Col1 where Col1 is not null limit 1"",0))"),"Peter") -> Peter | AS12: =IF(AK12=AS$3,"",AS$3) | AT12: =IF(AL12=AT$3,"",AT$3) -> Peter | AU12: =IF(AM12=AU$3,"",AU$3) -> Janus | AV12: =IF(AN12=AV$3,"",AV$3) | AW12: =COUNTif(AS12:AV12,">0"&"*") -> 2 | AX12: =sum(AB12:AE12) -> -12 | AY12: =IFNA(IFS(AY$3=$AP12,"",$AX12=U12,AY$3),"") | AZ12: =IFNA(IFS(AZ$3=$AP12,"",$AX12=V12,AZ$3),"") -> Peter | BA12: =IFNA(IFS(BA$3=$AP12,"",$AX12=W12,BA$3),"") | BB12: =IFNA(IFS(BB$3=$AP12,"",$AX12=X12,BB$3),"") | BC12: =OFFSET('00_Regnskab_01'!$A$1,MATCH(A12,'00_Regnskab_01'!$A$1:$A$25)-1,2) -> 43407 | BE12: =if(U12>0,1+BE11,0) -> 2 | BF12: =if(V12>0,1+BF11,0) -> 0 | BG12: =if(W12>0,1+BG11,0) -> 0 | BH12: =if(X12>0,1+BH11,0) -> 1 | BJ12: =if(U12<0,1+BJ11,0) -> 0 | BK12: =if(V12<0,1+BK11,0) -> 2 | BL12: =if(W12<0,1+BL11,0) -> 1 | BM12: =if(X12<0,1+BM11,0) -> 0 | BO12: =if(U12>0,U12+BO11,0) -> 60 | BP12: =if(V12>0,V12+BP11,0) -> 0 | BQ12: =if(W12>0,W12+BQ11,0) -> 0 | BR12: =if(X12>0,X12+BR11,0) -> 12 | BT12: =if(U12<0,U12+BT11,0) -> 0 | BU12: =if(V12<0,V12+BU11,0) -> -60 | BV12: =if(W12<0,W12+BV11,0) -> -12 | BW12: =if(X12<0,X12+BW11,0) -> 0 | BY12: 9
A13: 8 | B13: ='08_3-11-2018'!A5 -> 3 | C13: ='08_3-11-2018'!B5 -> 76 | D13: ='08_3-11-2018'!D5 -> -108 | E13: ='08_3-11-2018'!C5 -> 52 | F13: ='08_3-11-2018'!E5 -> -20 | G13: ='08_3-11-2018'!F5 -> 0 | H13: ='08_3-11-2018'!G5 -> Peter | J13: ='08_3-11-2018'!H5 -> Janus | K13: ='08_3-11-2018'!I5 | U13: =C13-C12 -> 16 | V13: =D13-D12 -> -48 | W13: =E13-E12 -> 16 | X13: =F13-F12 -> 16 | AB13: =IF(AB$3=$H13,U13,"") | AC13: =IF(AC$3=$H13,V13,"") -> -48 | AD13: =IF(AD$3=$H13,W13,"") | AE13: =IF(AE$3=$H13,X13,"") | AH13: =MAXIFS(AB13:AE13,AB13:AE13, ">-1") -> 0 | AI13: =MINIFS(AB13:AE13,AB13:AE13, "<0") -> -48 | AK13: =IF(U13>0,AK$3,"") -> Thomas | AL13: =IF(V13>0,AL$3,"") | AM13: =IF(W13>0,AM$3,"") -> Janus | AN13: =IF(X13>0,AN$3,"") -> Christian | AO13: =COUNTif(AK13:AN13,">0"&"*") -> 3 | AP13: =H13 -> Peter | AQ13: =IFERROR(__xludf.DUMMYFUNCTION("IFNA(QUERY(transpose(AY13:BB13),""Select Col1 where Col1 is not null limit 1"",0))"),"") | AS13: =IF(AK13=AS$3,"",AS$3) | AT13: =IF(AL13=AT$3,"",AT$3) -> Peter | AU13: =IF(AM13=AU$3,"",AU$3) | AV13: =IF(AN13=AV$3,"",AV$3) | AW13: =COUNTif(AS13:AV13,">0"&"*") -> 1 | AX13: =sum(AB13:AE13) -> -48 | AY13: =IFNA(IFS(AY$3=$AP13,"",$AX13=U13,AY$3),"") | AZ13: =IFNA(IFS(AZ$3=$AP13,"",$AX13=V13,AZ$3),"") | BA13: =IFNA(IFS(BA$3=$AP13,"",$AX13=W13,BA$3),"") | BB13: =IFNA(IFS(BB$3=$AP13,"",$AX13=X13,BB$3),"") | BC13: =OFFSET('00_Regnskab_01'!$A$1,MATCH(A13,'00_Regnskab_01'!$A$1:$A$25)-1,2) -> 43407 | BE13: =if(U13>0,1+BE12,0) -> 3 | BF13: =if(V13>0,1+BF12,0) -> 0 | BG13: =if(W13>0,1+BG12,0) -> 1 | BH13: =if(X13>0,1+BH12,0) -> 2 | BJ13: =if(U13<0,1+BJ12,0) -> 0 | BK13: =if(V13<0,1+BK12,0) -> 3 | BL13: =if(W13<0,1+BL12,0) -> 0 | BM13: =if(X13<0,1+BM12,0) -> 0 | BO13: =if(U13>0,U13+BO12,0) -> 76 | BP13: =if(V13>0,V13+BP12,0) -> 0 | BQ13: =if(W13>0,W13+BQ12,0) -> 16 | BR13: =if(X13>0,X13+BR12,0) -> 28 | BT13: =if(U13<0,U13+BT12,0) -> 0 | BU13: =if(V13<0,V13+BU12,0) -> -108 | BV13: =if(W13<0,W13+BV12,0) -> 0 | BW13: =if(X13<0,X13+BW12,0) -> 0 | BY13: 10
A14: 8 | B14: ='08_3-11-2018'!A6 -> 4 | C14: ='08_3-11-2018'!B6 -> 64 | D14: ='08_3-11-2018'!D6 -> -96 | E14: ='08_3-11-2018'!C6 -> 64 | F14: ='08_3-11-2018'!E6 -> -32 | G14: ='08_3-11-2018'!F6 -> 0 | H14: ='08_3-11-2018'!G6 -> Janus | J14: ='08_3-11-2018'!H6 -> Peter | K14: ='08_3-11-2018'!I6 | U14: =C14-C13 -> -12 | V14: =D14-D13 -> 12 | W14: =E14-E13 -> 12 | X14: =F14-F13 -> -12 | AB14: =IF(AB$3=$H14,U14,"") | AC14: =IF(AC$3=$H14,V14,"") | AD14: =IF(AD$3=$H14,W14,"") -> 12 | AE14: =IF(AE$3=$H14,X14,"") | AH14: =MAXIFS(AB14:AE14,AB14:AE14, ">-1") -> 12 | AI14: =MINIFS(AB14:AE14,AB14:AE14, "<0") -> 0 | AK14: =IF(U14>0,AK$3,"") | AL14: =IF(V14>0,AL$3,"") -> Peter | AM14: =IF(W14>0,AM$3,"") -> Janus | AN14: =IF(X14>0,AN$3,"") | AO14: =COUNTif(AK14:AN14,">0"&"*") -> 2 | AP14: =H14 -> Janus | AQ14: =IFERROR(__xludf.DUMMYFUNCTION("IFNA(QUERY(transpose(AY14:BB14),""Select Col1 where Col1 is not null limit 1"",0))"),"Peter") -> Peter | AS14: =IF(AK14=AS$3,"",AS$3) -> Thomas | AT14: =IF(AL14=AT$3,"",AT$3) | AU14: =IF(AM14=AU$3,"",AU$3) | AV14: =IF(AN14=AV$3,"",AV$3) -> Christian | AW14: =COUNTif(AS14:AV14,">0"&"*") -> 2 | AX14: =sum(AB14:AE14) -> 12 | AY14: =IFNA(IFS(AY$3=$AP14,"",$AX14=U14,AY$3),"") | AZ14: =IFNA(IFS(AZ$3=$AP14,"",$AX14=V14,AZ$3),"") -> Peter | BA14: =IFNA(IFS(BA$3=$AP14,"",$AX14=W14,BA$3),"") | BB14: =IFNA(IFS(BB$3=$AP14,"",$AX14=X14,BB$3),"") | BC14: =OFFSET('00_Regnskab_01'!$A$1,MATCH(A14,'00_Regnskab_01'!$A$1:$A$25)-1,2) -> 43407 | BE14: =if(U14>0,1+BE13,0) -> 0 | BF14: =if(V14>0,1+BF13,0) -> 1 | BG14: =if(W14>0,1+BG13,0) -> 2 | BH14: =if(X14>0,1+BH13,0) -> 0 | BJ14: =if(U14<0,1+BJ13,0) -> 1 | BK14: =if(V14<0,1+BK13,0) -> 0 | BL14: =if(W14<0,1+BL13,0) -> 0 | BM14: =if(X14<0,1+BM13,0) -> 1 | BO14: =if(U14>0,U14+BO13,0) -> 0 | BP14: =if(V14>0,V14+BP13,0) -> 12 | BQ14: =if(W14>0,W14+BQ13,0) -> 28 | BR14: =if(X14>0,X14+BR13,0) -> 0 | BT14: =if(U14<0,U14+BT13,0) -> -12 | BU14: =if(V14<0,V14+BU13,0) -> 0 | BV14: =if(W14<0,W14+BV13,0) -> 0 | BW14: =if(X14<0,X14+BW13,0) -> -12 | BY14: 11
A15: 8 | B15: ='08_3-11-2018'!A7 -> 5 | C15: ='08_3-11-2018'!B7 -> 48 | D15: ='08_3-11-2018'!D7 -> -48 | E15: ='08_3-11-2018'!C7 -> 48 | F15: ='08_3-11-2018'!E7 -> -48 | G15: ='08_3-11-2018'!F7 -> 0 | H15: ='08_3-11-2018'!G7 -> Peter | J15: ='08_3-11-2018'!H7 -> Christian | K15: ='08_3-11-2018'!I7 | U15: =C15-C14 -> -16 | V15: =D15-D14 -> 48 | W15: =E15-E14 -> -16 | X15: =F15-F14 -> -16 | AB15: =IF(AB$3=$H15,U15,"") | AC15: =IF(AC$3=$H15,V15,"") -> 48 | AD15: =IF(AD$3=$H15,W15,"") | AE15: =IF(AE$3=$H15,X15,"") | AH15: =MAXIFS(AB15:AE15,AB15:AE15, ">-1") -> 48 | AI15: =MINIFS(AB15:AE15,AB15:AE15, "<0") -> 0 | AK15: =IF(U15>0,AK$3,"") | AL15: =IF(V15>0,AL$3,"") -> Peter | AM15: =IF(W15>0,AM$3,"") | AN15: =IF(X15>0,AN$3,"") | AO15: =COUNTif(AK15:AN15,">0"&"*") -> 1 | AP15: =H15 -> Peter | AQ15: =IFERROR(__xludf.DUMMYFUNCTION("IFNA(QUERY(transpose(AY15:BB15),""Select Col1 where Col1 is not null limit 1"",0))"),"") | AS15: =IF(AK15=AS$3,"",AS$3) -> Thomas | AT15: =IF(AL15=AT$3,"",AT$3) | AU15: =IF(AM15=AU$3,"",AU$3) -> Janus | AV15: =IF(AN15=AV$3,"",AV$3) -> Christian | AW15: =COUNTif(AS15:AV15,">0"&"*") -> 3 | AX15: =sum(AB15:AE15) -> 48 | AY15: =IFNA(IFS(AY$3=$AP15,"",$AX15=U15,AY$3),"") | AZ15: =IFNA(IFS(AZ$3=$AP15,"",$AX15=V15,AZ$3),"") | BA15: =IFNA(IFS(BA$3=$AP15,"",$AX15=W15,BA$3),"") | BB15: =IFNA(IFS(BB$3=$AP15,"",$AX15=X15,BB$3),"") | BC15: =OFFSET('00_Regnskab_01'!$A$1,MATCH(A15,'00_Regnskab_01'!$A$1:$A$25)-1,2) -> 43407 | BE15: =if(U15>0,1+BE14,0) -> 0 | BF15: =if(V15>0,1+BF14,0) -> 2 | BG15: =if(W15>0,1+BG14,0) -> 0 | BH15: =if(X15>0,1+BH14,0) -> 0 | BJ15: =if(U15<0,1+BJ14,0) -> 2 | BK15: =if(V15<0,1+BK14,0) -> 0 | BL15: =if(W15<0,1+BL14,0) -> 1 | BM15: =if(X15<0,1+BM14,0) -> 2 | BO15: =if(U15>0,U15+BO14,0) -> 0 | BP15: =if(V15>0,V15+BP14,0) -> 60 | BQ15: =if(W15>0,W15+BQ14,0) -> 0 | BR15: =if(X15>0,X15+BR14,0) -> 0 | BT15: =if(U15<0,U15+BT14,0) -> -28 | BU15: =if(V15<0,V15+BU14,0) -> 0 | BV15: =if(W15<0,W15+BV14,0) -> -16 | BW15: =if(X15<0,X15+BW14,0) -> -28 | BY15: 12a
A16: 8 | B16: ='08_3-11-2018'!A8 -> 6 | C16: ='08_3-11-2018'!B8 -> 64 | D16: ='08_3-11-2018'!D8 -> -96 | E16: ='08_3-11-2018'!C8 -> 64 | F16: ='08_3-11-2018'!E8 -> -32 | G16: ='08_3-11-2018'!F8 -> 0 | H16: ='08_3-11-2018'!G8 -> Peter | J16: ='08_3-11-2018'!H8 -> Thomas | K16: ='08_3-11-2018'!I8 | U16: =C16-C15 -> 16 | V16: =D16-D15 -> -48 | W16: =E16-E15 -> 16 | X16: =F16-F15 -> 16 | AB16: =IF(AB$3=$H16,U16,"") | AC16: =IF(AC$3=$H16,V16,"") -> -48 | AD16: =IF(AD$3=$H16,W16,"") | AE16: =IF(AE$3=$H16,X16,"") | AH16: =MAXIFS(AB16:AE16,AB16:AE16, ">-1") -> 0 | AI16: =MINIFS(AB16:AE16,AB16:AE16, "<0") -> -48 | AK16: =IF(U16>0,AK$3,"") -> Thomas | AL16: =IF(V16>0,AL$3,"") | AM16: =IF(W16>0,AM$3,"") -> Janus | AN16: =IF(X16>0,AN$3,"") -> Christian | AO16: =COUNTif(AK16:AN16,">0"&"*") -> 3 | AP16: =H16 -> Peter | AQ16: =IFERROR(__xludf.DUMMYFUNCTION("IFNA(QUERY(transpose(AY16:BB16),""Select Col1 where Col1 is not null limit 1"",0))"),"") | AS16: =IF(AK16=AS$3,"",AS$3) | AT16: =IF(AL16=AT$3,"",AT$3) -> Peter | AU16: =IF(AM16=AU$3,"",AU$3) | AV16: =IF(AN16=AV$3,"",AV$3) | AW16: =COUNTif(AS16:AV16,">0"&"*") -> 1 | AX16: =sum(AB16:AE16) -> -48 | AY16: =IFNA(IFS(AY$3=$AP16,"",$AX16=U16,AY$3),"") | AZ16: =IFNA(IFS(AZ$3=$AP16,"",$AX16=V16,AZ$3),"") | BA16: =IFNA(IFS(BA$3=$AP16,"",$AX16=W16,BA$3),"") | BB16: =IFNA(IFS(BB$3=$AP16,"",$AX16=X16,BB$3),"") | BC16: =OFFSET('00_Regnskab_01'!$A$1,MATCH(A16,'00_Regnskab_01'!$A$1:$A$25)-1,2) -> 43407 | BE16: =if(U16>0,1+BE15,0) -> 1 | BF16: =if(V16>0,1+BF15,0) -> 0 | BG16: =if(W16>0,1+BG15,0) -> 1 | BH16: =if(X16>0,1+BH15,0) -> 1 | BJ16: =if(U16<0,1+BJ15,0) -> 0 | BK16: =if(V16<0,1+BK15,0) -> 1 | BL16: =if(W16<0,1+BL15,0) -> 0 | BM16: =if(X16<0,1+BM15,0) -> 0 | BO16: =if(U16>0,U16+BO15,0) -> 16 | BP16: =if(V16>0,V16+BP15,0) -> 0 | BQ16: =if(W16>0,W16+BQ15,0) -> 16 | BR16: =if(X16>0,X16+BR15,0) -> 16 | BT16: =if(U16<0,U16+BT15,0) -> 0 | BU16: =if(V16<0,V16+BU15,0) -> -48 | BV16: =if(W16<0,W16+BV15,0) -> 0 | BW16: =if(X16<0,X16+BW15,0) -> 0 | BY16: 12b
A17: 8 | B17: ='08_3-11-2018'!A9 -> 7 | C17: ='08_3-11-2018'!B9 -> -96 | D17: ='08_3-11-2018'!D9 -> 64 | E17: ='08_3-11-2018'!C9 -> -96 | F17: ='08_3-11-2018'!E9 -> 128 | G17: ='08_3-11-2018'!F9 -> 0 | H17: ='08_3-11-2018'!G9 -> Thomas | I17: Janus | J17: ='08_3-11-2018'!H9 -> Janus | K17: ='08_3-11-2018'!I9 | U17: =C17-C16 -> -160 | V17: =D17-D16 -> 160 | W17: =E17-E16 -> -160 | X17: =F17-F16 -> 160 | AB17: =IF(AB$3=$H17,U17,"") -> -160 | AC17: =IF(AC$3=$H17,V17,"") | AD17: =IF(AD$3=$H17,W17,"") | AE17: =IF(AE$3=$H17,X17,"") | AH17: =MAXIFS(AB17:AE17,AB17:AE17, ">-1") -> 0 | AI17: =MINIFS(AB17:AE17,AB17:AE17, "<0") -> -160 | AK17: =IF(U17>0,AK$3,"") | AL17: =IF(V17>0,AL$3,"") -> Peter | AM17: =IF(W17>0,AM$3,"") | AN17: =IF(X17>0,AN$3,"") -> Christian | AO17: =COUNTif(AK17:AN17,">0"&"*") -> 2 | AP17: =H17 -> Thomas | AQ17: =IFERROR(__xludf.DUMMYFUNCTION("IFNA(QUERY(transpose(AY17:BB17),""Select Col1 where Col1 is not null limit 1"",0))"),"Janus") -> Janus | AS17: =IF(AK17=AS$3,"",AS$3) -> Thomas | AT17: =IF(AL17=AT$3,"",AT$3) | AU17: =IF(AM17=AU$3,"",AU$3) -> Janus | AV17: =IF(AN17=AV$3,"",AV$3) | AW17: =COUNTif(AS17:AV17,">0"&"*") -> 2 | AX17: =sum(AB17:AE17) -> -160 | AY17: =IFNA(IFS(AY$3=$AP17,"",$AX17=U17,AY$3),"") | AZ17: =IFNA(IFS(AZ$3=$AP17,"",$AX17=V17,AZ$3),"") | BA17: =IFNA(IFS(BA$3=$AP17,"",$AX17=W17,BA$3),"") -> Janus | BB17: =IFNA(IFS(BB$3=$AP17,"",$AX17=X17,BB$3),"") | BC17: =OFFSET('00_Regnskab_01'!$A$1,MATCH(A17,'00_Regnskab_01'!$A$1:$A$25)-1,2) -> 43407 | BE17: =if(U17>0,1+BE16,0) -> 0 | BF17: =if(V17>0,1+BF16,0) -> 1 | BG17: =if(W17>0,1+BG16,0) -> 0 | BH17: =if(X17>0,1+BH16,0) -> 2 | BJ17: =if(U17<0,1+BJ16,0) -> 1 | BK17: =if(V17<0,1+BK16,0) -> 0 | BL17: =if(W17<0,1+BL16,0) -> 1 | BM17: =if(X17<0,1+BM16,0) -> 0 | BO17: =if(U17>0,U17+BO16,0) -> 0 | BP17: =if(V17>0,V17+BP16,0) -> 160 | BQ17: =if(W17>0,W17+BQ16,0) -> 0 | BR17: =if(X17>0,X17+BR16,0) -> 176 | BT17: =if(U17<0,U17+BT16,0) -> -160 | BU17: =if(V17<0,V17+BU16,0) -> 0 | BV17: =if(W17<0,W17+BV16,0) -> -160 | BW17: =if(X17<0,X17+BW16,0) -> 0 | BY17: 13
A18: 8 | B18: ='08_3-11-2018'!A10 -> 8 | C18: ='08_3-11-2018'!B10 -> -84 | D18: ='08_3-11-2018'!D10 -> 76 | E18: ='08_3-11-2018'!C10 -> -108 | F18: ='08_3-11-2018'!E10 -> 116 | G18: ='08_3-11-2018'!F10 -> 0 | H18: ='08_3-11-2018'!G10 -> Christian | J18: ='08_3-11-2018'!H10 -> Peter | K18: ='08_3-11-2018'!I10 | U18: =C18-C17 -> 12 | V18: =D18-D17 -> 12 | W18: =E18-E17 -> -12 | X18: =F18-F17 -> -12 | AB18: =IF(AB$3=$H18,U18,"") | AC18: =IF(AC$3=$H18,V18,"") | AD18: =IF(AD$3=$H18,W18,"") | AE18: =IF(AE$3=$H18,X18,"") -> -12 | AH18: =MAXIFS(AB18:AE18,AB18:AE18, ">-1") -> 0 | AI18: =MINIFS(AB18:AE18,AB18:AE18, "<0") -> -12 | AK18: =IF(U18>0,AK$3,"") -> Thomas | AL18: =IF(V18>0,AL$3,"") -> Peter | AM18: =IF(W18>0,AM$3,"") | AN18: =IF(X18>0,AN$3,"") | AO18: =COUNTif(AK18:AN18,">0"&"*") -> 2 | AP18: =H18 -> Christian | AQ18: =IFERROR(__xludf.DUMMYFUNCTION("IFNA(QUERY(transpose(AY18:BB18),""Select Col1 where Col1 is not null limit 1"",0))"),"Janus") -> Janus | AS18: =IF(AK18=AS$3,"",AS$3) | AT18: =IF(AL18=AT$3,"",AT$3) | AU18: =IF(AM18=AU$3,"",AU$3) -> Janus | AV18: =IF(AN18=AV$3,"",AV$3) -> Christian | AW18: =COUNTif(AS18:AV18,">0"&"*") -> 2 | AX18: =sum(AB18:AE18) -> -12 | AY18: =IFNA(IFS(AY$3=$AP18,"",$AX18=U18,AY$3),"") | AZ18: =IFNA(IFS(AZ$3=$AP18,"",$AX18=V18,AZ$3),"") | BA18: =IFNA(IFS(BA$3=$AP18,"",$AX18=W18,BA$3),"") -> Janus | BB18: =IFNA(IFS(BB$3=$AP18,"",$AX18=X18,BB$3),"") | BC18: =OFFSET('00_Regnskab_01'!$A$1,MATCH(A18,'00_Regnskab_01'!$A$1:$A$25)-1,2) -> 43407 | BE18: =if(U18>0,1+BE17,0) -> 1 | BF18: =if(V18>0,1+BF17,0) -> 2 | BG18: =if(W18>0,1+BG17,0) -> 0 | BH18: =if(X18>0,1+BH17,0) -> 0 | BJ18: =if(U18<0,1+BJ17,0) -> 0 | BK18: =if(V18<0,1+BK17,0) -> 0 | BL18: =if(W18<0,1+BL17,0) -> 2 | BM18: =if(X18<0,1+BM17,0) -> 1 | BO18: =if(U18>0,U18+BO17,0) -> 12 | BP18: =if(V18>0,V18+BP17,0) -> 172 | BQ18: =if(W18>0,W18+BQ17,0) -> 0 | BR18: =if(X18>0,X18+BR17,0) -> 0 | BT18: =if(U18<0,U18+BT17,0) -> 0 | BU18: =if(V18<0,V18+BU17,0) -> 0 | BV18: =if(W18<0,W18+BV17,0) -> -172 | BW18: =if(X18<0,X18+BW17,0) -> -12 | BY18: 14
A19: 8 | B19: ='08_3-11-2018'!A11 -> 9 | C19: ='08_3-11-2018'!B11 -> -148 | D19: ='08_3-11-2018'!D11 -> 12 | E19: ='08_3-11-2018'!C11 -> -44 | F19: ='08_3-11-2018'!E11 -> 180 | G19: ='08_3-11-2018'!F11 -> 0 | H19: ='08_3-11-2018'!G11 -> Peter | J19: ='08_3-11-2018'!H11 -> Christian | K19: ='08_3-11-2018'!I11 | U19: =C19-C18 -> -64 | V19: =D19-D18 -> -64 | W19: =E19-E18 -> 64 | X19: =F19-F18 -> 64 | AB19: =IF(AB$3=$H19,U19,"") | AC19: =IF(AC$3=$H19,V19,"") -> -64 | AD19: =IF(AD$3=$H19,W19,"") | AE19: =IF(AE$3=$H19,X19,"") | AH19: =MAXIFS(AB19:AE19,AB19:AE19, ">-1") -> 0 | AI19: =MINIFS(AB19:AE19,AB19:AE19, "<0") -> -64 | AK19: =IF(U19>0,AK$3,"") | AL19: =IF(V19>0,AL$3,"") | AM19: =IF(W19>0,AM$3,"") -> Janus | AN19: =IF(X19>0,AN$3,"") -> Christian | AO19: =COUNTif(AK19:AN19,">0"&"*") -> 2 | AP19: =H19 -> Peter | AQ19: =IFERROR(__xludf.DUMMYFUNCTION("IFNA(QUERY(transpose(AY19:BB19),""Select Col1 where Col1 is not null limit 1"",0))"),"Thomas") -> Thomas | AS19: =IF(AK19=AS$3,"",AS$3) -> Thomas | AT19: =IF(AL19=AT$3,"",AT$3) -> Peter | AU19: =IF(AM19=AU$3,"",AU$3) | AV19: =IF(AN19=AV$3,"",AV$3) | AW19: =COUNTif(AS19:AV19,">0"&"*") -> 2 | AX19: =sum(AB19:AE19) -> -64 | AY19: =IFNA(IFS(AY$3=$AP19,"",$AX19=U19,AY$3),"") -> Thomas | AZ19: =IFNA(IFS(AZ$3=$AP19,"",$AX19=V19,AZ$3),"") | BA19: =IFNA(IFS(BA$3=$AP19,"",$AX19=W19,BA$3),"") | BB19: =IFNA(IFS(BB$3=$AP19,"",$AX19=X19,BB$3),"") | BC19: =OFFSET('00_Regnskab_01'!$A$1,MATCH(A19,'00_Regnskab_01'!$A$1:$A$25)-1,2) -> 43407 | BE19: =if(U19>0,1+BE18,0) -> 0 | BF19: =if(V19>0,1+BF18,0) -> 0 | BG19: =if(W19>0,1+BG18,0) -> 1 | BH19: =if(X19>0,1+BH18,0) -> 1 | BJ19: =if(U19<0,1+BJ18,0) -> 1 | BK19: =if(V19<0,1+BK18,0) -> 1 | BL19: =if(W19<0,1+BL18,0) -> 0 | BM19: =if(X19<0,1+BM18,0) -> 0 | BO19: =if(U19>0,U19+BO18,0) -> 0 | BP19: =if(V19>0,V19+BP18,0) -> 0 | BQ19: =if(W19>0,W19+BQ18,0) -> 64 | BR19: =if(X19>0,X19+BR18,0) -> 64 | BT19: =if(U19<0,U19+BT18,0) -> -64 | BU19: =if(V19<0,V19+BU18,0) -> -64 | BV19: =if(W19<0,W19+BV18,0) -> 0 | BW19: =if(X19<0,X19+BW18,0) -> 0 | BY19: 15
A20: 8 | B20: ='08_3-11-2018'!A12 -> 10 | C20: ='08_3-11-2018'!B12 -> -84 | D20: ='08_3-11-2018'!D12 -> -52 | E20: ='08_3-11-2018'!C12 -> 20 | F20: ='08_3-11-2018'!E12 -> 116 | G20: ='08_3-11-2018'!F12 -> 0 | H20: ='08_3-11-2018'!G12 -> Thomas | J20: ='08_3-11-2018'!H12 -> Thomas | K20: ='08_3-11-2018'!I12 | U20: =C20-C19 -> 64 | V20: =D20-D19 -> -64 | W20: =E20-E19 -> 64 | X20: =F20-F19 -> -64 | AB20: =IF(AB$3=$H20,U20,"") -> 64 | AC20: =IF(AC$3=$H20,V20,"") | AD20: =IF(AD$3=$H20,W20,"") | AE20: =IF(AE$3=$H20,X20,"") | AH20: =MAXIFS(AB20:AE20,AB20:AE20, ">-1") -> 64 | AI20: =MINIFS(AB20:AE20,AB20:AE20, "<0") -> 0 | AK20: =IF(U20>0,AK$3,"") -> Thomas | AL20: =IF(V20>0,AL$3,"") | AM20: =IF(W20>0,AM$3,"") -> Janus | AN20: =IF(X20>0,AN$3,"") | AO20: =COUNTif(AK20:AN20,">0"&"*") -> 2 | AP20: =H20 -> Thomas | AQ20: =IFERROR(__xludf.DUMMYFUNCTION("IFNA(QUERY(transpose(AY20:BB20),""Select Col1 where Col1 is not null limit 1"",0))"),"Janus") -> Janus | AS20: =IF(AK20=AS$3,"",AS$3) | AT20: =IF(AL20=AT$3,"",AT$3) -> Peter | AU20: =IF(AM20=AU$3,"",AU$3) | AV20: =IF(AN20=AV$3,"",AV$3) -> Christian | AW20: =COUNTif(AS20:AV20,">0"&"*") -> 2 | AX20: =sum(AB20:AE20) -> 64 | AY20: =IFNA(IFS(AY$3=$AP20,"",$AX20=U20,AY$3),"") | AZ20: =IFNA(IFS(AZ$3=$AP20,"",$AX20=V20,AZ$3),"") | BA20: =IFNA(IFS(BA$3=$AP20,"",$AX20=W20,BA$3),"") -> Janus | BB20: =IFNA(IFS(BB$3=$AP20,"",$AX20=X20,BB$3),"") | BC20: =OFFSET('00_Regnskab_01'!$A$1,MATCH(A20,'00_Regnskab_01'!$A$1:$A$25)-1,2) -> 43407 | BE20: =if(U20>0,1+BE19,0) -> 1 | BF20: =if(V20>0,1+BF19,0) -> 0 | BG20: =if(W20>0,1+BG19,0) -> 2 | BH20: =if(X20>0,1+BH19,0) -> 0 | BJ20: =if(U20<0,1+BJ19,0) -> 0 | BK20: =if(V20<0,1+BK19,0) -> 2 | BL20: =if(W20<0,1+BL19,0) -> 0 | BM20: =if(X20<0,1+BM19,0) -> 1 | BO20: =if(U20>0,U20+BO19,0) -> 64 | BP20: =if(V20>0,V20+BP19,0) -> 0 | BQ20: =if(W20>0,W20+BQ19,0) -> 128 | BR20: =if(X20>0,X20+BR19,0) -> 0 | BT20: =if(U20<0,U20+BT19,0) -> 0 | BU20: =if(V20<0,V20+BU19,0) -> -128 | BV20: =if(W20<0,W20+BV19,0) -> 0 | BW20: =if(X20<0,X20+BW19,0) -> -64 | BY20: 16
A21: 8 | B21: ='08_3-11-2018'!A13 -> 11 | C21: ='08_3-11-2018'!B13 -> -44 | D21: ='08_3-11-2018'!D13 -> -12 | E21: ='08_3-11-2018'!C13 -> -20 | F21: ='08_3-11-2018'!E13 -> 76 | G21: ='08_3-11-2018'!F13 -> 0 | H21: ='08_3-11-2018'!G13 -> Thomas | J21: ='08_3-11-2018'!H13 -> Janus | K21: ='08_3-11-2018'!I13 | U21: =C21-C20 -> 40 | V21: =D21-D20 -> 40 | W21: =E21-E20 -> -40 | X21: =F21-F20 -> -40 | AB21: =IF(AB$3=$H21,U21,"") -> 40 | AC21: =IF(AC$3=$H21,V21,"") | AD21: =IF(AD$3=$H21,W21,"") | AE21: =IF(AE$3=$H21,X21,"") | AH21: =MAXIFS(AB21:AE21,AB21:AE21, ">-1") -> 40 | AI21: =MINIFS(AB21:AE21,AB21:AE21, "<0") -> 0 | AK21: =IF(U21>0,AK$3,"") -> Thomas | AL21: =IF(V21>0,AL$3,"") -> Peter | AM21: =IF(W21>0,AM$3,"") | AN21: =IF(X21>0,AN$3,"") | AO21: =COUNTif(AK21:AN21,">0"&"*") -> 2 | AP21: =H21 -> Thomas | AQ21: =IFERROR(__xludf.DUMMYFUNCTION("IFNA(QUERY(transpose(AY21:BB21),""Select Col1 where Col1 is not null limit 1"",0))"),"Peter") -> Peter | AS21: =IF(AK21=AS$3,"",AS$3) | AT21: =IF(AL21=AT$3,"",AT$3) | AU21: =IF(AM21=AU$3,"",AU$3) -> Janus | AV21: =IF(AN21=AV$3,"",AV$3) -> Christian | AW21: =COUNTif(AS21:AV21,">0"&"*") -> 2 | AX21: =sum(AB21:AE21) -> 40 | AY21: =IFNA(IFS(AY$3=$AP21,"",$AX21=U21,AY$3),"") | AZ21: =IFNA(IFS(AZ$3=$AP21,"",$AX21=V21,AZ$3),"") -> Peter | BA21: =IFNA(IFS(BA$3=$AP21,"",$AX21=W21,BA$3),"") | BB21: =IFNA(IFS(BB$3=$AP21,"",$AX21=X21,BB$3),"") | BC21: =OFFSET('00_Regnskab_01'!$A$1,MATCH(A21,'00_Regnskab_01'!$A$1:$A$25)-1,2) -> 43407 | BE21: =if(U21>0,1+BE20,0) -> 2 | BF21: =if(V21>0,1+BF20,0) -> 1 | BG21: =if(W21>0,1+BG20,0) -> 0 | BH21: =if(X21>0,1+BH20,0) -> 0 | BJ21: =if(U21<0,1+BJ20,0) -> 0 | BK21: =if(V21<0,1+BK20,0) -> 0 | BL21: =if(W21<0,1+BL20,0) -> 1 | BM21: =if(X21<0,1+BM20,0) -> 2 | BO21: =if(U21>0,U21+BO20,0) -> 104 | BP21: =if(V21>0,V21+BP20,0) -> 40 | BQ21: =if(W21>0,W21+BQ20,0) -> 0 | BR21: =if(X21>0,X21+BR20,0) -> 0 | BT21: =if(U21<0,U21+BT20,0) -> 0 | BU21: =if(V21<0,V21+BU20,0) -> 0 | BV21: =if(W21<0,W21+BV20,0) -> -40 | BW21: =if(X21<0,X21+BW20,0) -> -104 | BY21: 17
A22: 8 | B22: ='08_3-11-2018'!A14 -> 12 | C22: ='08_3-11-2018'!B14 -> -20 | D22: ='08_3-11-2018'!D14 -> -20 | E22: ='08_3-11-2018'!C14 -> -28 | F22: ='08_3-11-2018'!E14 -> 68 | G22: ='08_3-11-2018'!F14 -> 0 | H22: ='08_3-11-2018'!G14 -> Thomas | J22: ='08_3-11-2018'!H14 -> Peter | K22: ='08_3-11-2018'!I14 | U22: =C22-C21 -> 24 | V22: =D22-D21 -> -8 | W22: =E22-E21 -> -8 | X22: =F22-F21 -> -8 | AB22: =IF(AB$3=$H22,U22,"") -> 24 | AC22: =IF(AC$3=$H22,V22,"") | AD22: =IF(AD$3=$H22,W22,"") | AE22: =IF(AE$3=$H22,X22,"") | AH22: =MAXIFS(AB22:AE22,AB22:AE22, ">-1") -> 24 | AI22: =MINIFS(AB22:AE22,AB22:AE22, "<0") -> 0 | AK22: =IF(U22>0,AK$3,"") -> Thomas | AL22: =IF(V22>0,AL$3,"") | AM22: =IF(W22>0,AM$3,"") | AN22: =IF(X22>0,AN$3,"") | AO22: =COUNTif(AK22:AN22,">0"&"*") -> 1 | AP22: =H22 -> Thomas | AQ22: =IFERROR(__xludf.DUMMYFUNCTION("IFNA(QUERY(transpose(AY22:BB22),""Select Col1 where Col1 is not null limit 1"",0))"),"") | AS22: =IF(AK22=AS$3,"",AS$3) | AT22: =IF(AL22=AT$3,"",AT$3) -> Peter | AU22: =IF(AM22=AU$3,"",AU$3) -> Janus | AV22: =IF(AN22=AV$3,"",AV$3) -> Christian | AW22: =COUNTif(AS22:AV22,">0"&"*") -> 3 | AX22: =sum(AB22:AE22) -> 24 | AY22: =IFNA(IFS(AY$3=$AP22,"",$AX22=U22,AY$3),"") | AZ22: =IFNA(IFS(AZ$3=$AP22,"",$AX22=V22,AZ$3),"") | BA22: =IFNA(IFS(BA$3=$AP22,"",$AX22=W22,BA$3),"") | BB22: =IFNA(IFS(BB$3=$AP22,"",$AX22=X22,BB$3),"") | BC22: =OFFSET('00_Regnskab_01'!$A$1,MATCH(A22,'00_Regnskab_01'!$A$1:$A$25)-1,2) -> 43407 | BE22: =if(U22>0,1+BE21,0) -> 3 | BF22: =if(V22>0,1+BF21,0) -> 0 | BG22: =if(W22>0,1+BG21,0) -> 0 | BH22: =if(X22>0,1+BH21,0) -> 0 | BJ22: =if(U22<0,1+BJ21,0) -> 0 | BK22: =if(V22<0,1+BK21,0) -> 1 | BL22: =if(W22<0,1+BL21,0) -> 2 | BM22: =if(X22<0,1+BM21,0) -> 3 | BO22: =if(U22>0,U22+BO21,0) -> 128 | BP22: =if(V22>0,V22+BP21,0) -> 0 | BQ22: =if(W22>0,W22+BQ21,0) -> 0 | BR22: =if(X22>0,X22+BR21,0) -> 0 | BT22: =if(U22<0,U22+BT21,0) -> 0 | BU22: =if(V22<0,V22+BU21,0) -> -8 | BV22: =if(W22<0,W22+BV21,0) -> -48 | BW22: =if(X22<0,X22+BW21,0) -> -112 | BY22: 18
A23: 8 | B23: ='08_3-11-2018'!A15 -> 13 | C23: ='08_3-11-2018'!B15 -> 4 | D23: ='08_3-11-2018'!D15 -> -28 | E23: ='08_3-11-2018'!C15 -> -36 | F23: ='08_3-11-2018'!E15 -> 60 | G23: ='08_3-11-2018'!F15 -> 0 | H23: ='08_3-11-2018'!G15 -> Thomas | J23: ='08_3-11-2018'!H15 -> Christian | K23: ='08_3-11-2018'!I15 | U23: =C23-C22 -> 24 | V23: =D23-D22 -> -8 | W23: =E23-E22 -> -8 | X23: =F23-F22 -> -8 | AB23: =IF(AB$3=$H23,U23,"") -> 24 | AC23: =IF(AC$3=$H23,V23,"") | AD23: =IF(AD$3=$H23,W23,"") | AE23: =IF(AE$3=$H23,X23,"") | AH23: =MAXIFS(AB23:AE23,AB23:AE23, ">-1") -> 24 | AI23: =MINIFS(AB23:AE23,AB23:AE23, "<0") -> 0 | AK23: =IF(U23>0,AK$3,"") -> Thomas | AL23: =IF(V23>0,AL$3,"") | AM23: =IF(W23>0,AM$3,"") | AN23: =IF(X23>0,AN$3,"") | AO23: =COUNTif(AK23:AN23,">0"&"*") -> 1 | AP23: =H23 -> Thomas | AQ23: =IFERROR(__xludf.DUMMYFUNCTION("IFNA(QUERY(transpose(AY23:BB23),""Select Col1 where Col1 is not null limit 1"",0))"),"") | AS23: =IF(AK23=AS$3,"",AS$3) | AT23: =IF(AL23=AT$3,"",AT$3) -> Peter | AU23: =IF(AM23=AU$3,"",AU$3) -> Janus | AV23: =IF(AN23=AV$3,"",AV$3) -> Christian | AW23: =COUNTif(AS23:AV23,">0"&"*") -> 3 | AX23: =sum(AB23:AE23) -> 24 | AY23: =IFNA(IFS(AY$3=$AP23,"",$AX23=U23,AY$3),"") | AZ23: =IFNA(IFS(AZ$3=$AP23,"",$AX23=V23,AZ$3),"") | BA23: =IFNA(IFS(BA$3=$AP23,"",$AX23=W23,BA$3),"") | BB23: =IFNA(IFS(BB$3=$AP23,"",$AX23=X23,BB$3),"") | BC23: =OFFSET('00_Regnskab_01'!$A$1,MATCH(A23,'00_Regnskab_01'!$A$1:$A$25)-1,2) -> 43407 | BE23: =if(U23>0,1+BE22,0) -> 4 | BF23: =if(V23>0,1+BF22,0) -> 0 | BG23: =if(W23>0,1+BG22,0) -> 0 | BH23: =if(X23>0,1+BH22,0) -> 0 | BJ23: =if(U23<0,1+BJ22,0) -> 0 | BK23: =if(V23<0,1+BK22,0) -> 2 | BL23: =if(W23<0,1+BL22,0) -> 3 | BM23: =if(X23<0,1+BM22,0) -> 4 | BO23: =if(U23>0,U23+BO22,0) -> 152 | BP23: =if(V23>0,V23+BP22,0) -> 0 | BQ23: =if(W23>0,W23+BQ22,0) -> 0 | BR23: =if(X23>0,X23+BR22,0) -> 0 | BT23: =if(U23<0,U23+BT22,0) -> 0 | BU23: =if(V23<0,V23+BU22,0) -> -16 | BV23: =if(W23<0,W23+BV22,0) -> -56 | BW23: =if(X23<0,X23+BW22,0) -> -120 | BY23: 19
A24: 8 | B24: ='08_3-11-2018'!A16 -> 14 | C24: ='08_3-11-2018'!B16 -> -8 | D24: ='08_3-11-2018'!D16 -> -40 | E24: ='08_3-11-2018'!C16 -> -24 | F24: ='08_3-11-2018'!E16 -> 72 | G24: ='08_3-11-2018'!F16 -> 0 | H24: ='08_3-11-2018'!G16 -> Janus | J24: ='08_3-11-2018'!H16 -> Thomas | K24: ='08_3-11-2018'!I16 | U24: =C24-C23 -> -12 | V24: =D24-D23 -> -12 | W24: =E24-E23 -> 12 | X24: =F24-F23 -> 12 | AB24: =IF(AB$3=$H24,U24,"") | AC24: =IF(AC$3=$H24,V24,"") | AD24: =IF(AD$3=$H24,W24,"") -> 12 | AE24: =IF(AE$3=$H24,X24,"") | AH24: =MAXIFS(AB24:AE24,AB24:AE24, ">-1") -> 12 | AI24: =MINIFS(AB24:AE24,AB24:AE24, "<0") -> 0 | AK24: =IF(U24>0,AK$3,"") | AL24: =IF(V24>0,AL$3,"") | AM24: =IF(W24>0,AM$3,"") -> Janus | AN24: =IF(X24>0,AN$3,"") -> Christian | AO24: =COUNTif(AK24:AN24,">0"&"*") -> 2 | AP24: =H24 -> Janus | AQ24: =IFERROR(__xludf.DUMMYFUNCTION("IFNA(QUERY(transpose(AY24:BB24),""Select Col1 where Col1 is not null limit 1"",0))"),"Christian") -> Christian | AS24: =IF(AK24=AS$3,"",AS$3) -> Thomas | AT24: =IF(AL24=AT$3,"",AT$3) -> Peter | AU24: =IF(AM24=AU$3,"",AU$3) | AV24: =IF(AN24=AV$3,"",AV$3) | AW24: =COUNTif(AS24:AV24,">0"&"*") -> 2 | AX24: =sum(AB24:AE24) -> 12 | AY24: =IFNA(IFS(AY$3=$AP24,"",$AX24=U24,AY$3),"") | AZ24: =IFNA(IFS(AZ$3=$AP24,"",$AX24=V24,AZ$3),"") | BA24: =IFNA(IFS(BA$3=$AP24,"",$AX24=W24,BA$3),"") | BB24: =IFNA(IFS(BB$3=$AP24,"",$AX24=X24,BB$3),"") -> Christian | BC24: =OFFSET('00_Regnskab_01'!$A$1,MATCH(A24,'00_Regnskab_01'!$A$1:$A$25)-1,2) -> 43407 | BE24: =if(U24>0,1+BE23,0) -> 0 | BF24: =if(V24>0,1+BF23,0) -> 0 | BG24: =if(W24>0,1+BG23,0) -> 1 | BH24: =if(X24>0,1+BH23,0) -> 1 | BJ24: =if(U24<0,1+BJ23,0) -> 1 | BK24: =if(V24<0,1+BK23,0) -> 3 | BL24: =if(W24<0,1+BL23,0) -> 0 | BM24: =if(X24<0,1+BM23,0) -> 0 | BO24: =if(U24>0,U24+BO23,0) -> 0 | BP24: =if(V24>0,V24+BP23,0) -> 0 | BQ24: =if(W24>0,W24+BQ23,0) -> 12 | BR24: =if(X24>0,X24+BR23,0) -> 12 | BT24: =if(U24<0,U24+BT23,0) -> -12 | BU24: =if(V24<0,V24+BU23,0) -> -28 | BV24: =if(W24<0,W24+BV23,0) -> 0 | BW24: =if(X24<0,X24+BW23,0) -> 0 | BY24: 20
A25: 8 | B25: ='08_3-11-2018'!A17 -> 15 | C25: ='08_3-11-2018'!B17 -> 12 | D25: ='08_3-11-2018'!D17 -> -20 | E25: ='08_3-11-2018'!C17 -> -4 | F25: ='08_3-11-2018'!E17 -> 12 | G25: ='08_3-11-2018'!F17 -> 0 | H25: ='08_3-11-2018'!G17 -> Christian | J25: ='08_3-11-2018'!H17 -> Janus | K25: ='08_3-11-2018'!I17 | U25: =C25-C24 -> 20 | V25: =D25-D24 -> 20 | W25: =E25-E24 -> 20 | X25: =F25-F24 -> -60 | AB25: =IF(AB$3=$H25,U25,"") | AC25: =IF(AC$3=$H25,V25,"") | AD25: =IF(AD$3=$H25,W25,"") | AE25: =IF(AE$3=$H25,X25,"") -> -60 | AH25: =MAXIFS(AB25:AE25,AB25:AE25, ">-1") -> 0 | AI25: =MINIFS(AB25:AE25,AB25:AE25, "<0") -> -60 | AK25: =IF(U25>0,AK$3,"") -> Thomas | AL25: =IF(V25>0,AL$3,"") -> Peter | AM25: =IF(W25>0,AM$3,"") -> Janus | AN25: =IF(X25>0,AN$3,"") | AO25: =COUNTif(AK25:AN25,">0"&"*") -> 3 | AP25: =H25 -> Christian | AQ25: =IFERROR(__xludf.DUMMYFUNCTION("IFNA(QUERY(transpose(AY25:BB25),""Select Col1 where Col1 is not null limit 1"",0))"),"") | AS25: =IF(AK25=AS$3,"",AS$3) | AT25: =IF(AL25=AT$3,"",AT$3) | AU25: =IF(AM25=AU$3,"",AU$3) | AV25: =IF(AN25=AV$3,"",AV$3) -> Christian | AW25: =COUNTif(AS25:AV25,">0"&"*") -> 1 | AX25: =sum(AB25:AE25) -> -60 | AY25: =IFNA(IFS(AY$3=$AP25,"",$AX25=U25,AY$3),"") | AZ25: =IFNA(IFS(AZ$3=$AP25,"",$AX25=V25,AZ$3),"") | BA25: =IFNA(IFS(BA$3=$AP25,"",$AX25=W25,BA$3),"") | BB25: =IFNA(IFS(BB$3=$AP25,"",$AX25=X25,BB$3),"") | BC25: =OFFSET('00_Regnskab_01'!$A$1,MATCH(A25,'00_Regnskab_01'!$A$1:$A$25)-1,2) -> 43407 | BE25: =if(U25>0,1+BE24,0) -> 1 | BF25: =if(V25>0,1+BF24,0) -> 1 | BG25: =if(W25>0,1+BG24,0) -> 2 | BH25: =if(X25>0,1+BH24,0) -> 0 | BJ25: =if(U25<0,1+BJ24,0) -> 0 | BK25: =if(V25<0,1+BK24,0) -> 0 | BL25: =if(W25<0,1+BL24,0) -> 0 | BM25: =if(X25<0,1+BM24,0) -> 1 | BO25: =if(U25>0,U25+BO24,0) -> 20 | BP25: =if(V25>0,V25+BP24,0) -> 20 | BQ25: =if(W25>0,W25+BQ24,0) -> 32 | BR25: =if(X25>0,X25+BR24,0) -> 0 | BT25: =if(U25<0,U25+BT24,0) -> 0 | BU25: =if(V25<0,V25+BU24,0) -> 0 | BV25: =if(W25<0,W25+BV24,0) -> 0 | BW25: =if(X25<0,X25+BW24,0) -> -60 | BY25: 21
A26: 8 | B26: ='08_3-11-2018'!A18 -> 16 | C26: ='08_3-11-2018'!B18 -> 20 | D26: ='08_3-11-2018'!D18 -> -12 | E26: ='08_3-11-2018'!C18 -> -12 | F26: ='08_3-11-2018'!E18 -> 4 | G26: ='08_3-11-2018'!F18 -> 0 | H26: ='08_3-11-2018'!G18 -> Janus | I26: Christian | J26: ='08_3-11-2018'!H18 -> Peter | K26: ='08_3-11-2018'!I18 -> 9 halve | M26: 9 | N26: Halve | U26: =C26-C25 -> 8 | V26: =D26-D25 -> 8 | W26: =E26-E25 -> -8 | X26: =F26-F25 -> -8 | AB26: =IF(AB$3=$H26,U26,"") | AC26: =IF(AC$3=$H26,V26,"") | AD26: =IF(AD$3=$H26,W26,"") -> -8 | AE26: =IF(AE$3=$H26,X26,"") | AH26: =MAXIFS(AB26:AE26,AB26:AE26, ">-1") -> 0 | AI26: =MINIFS(AB26:AE26,AB26:AE26, "<0") -> -8 | AK26: =IF(U26>0,AK$3,"") -> Thomas | AL26: =IF(V26>0,AL$3,"") -> Peter | AM26: =IF(W26>0,AM$3,"") | AN26: =IF(X26>0,AN$3,"") | AO26: =COUNTif(AK26:AN26,">0"&"*") -> 2 | AP26: =H26 -> Janus | AQ26: =IFERROR(__xludf.DUMMYFUNCTION("IFNA(QUERY(transpose(AY26:BB26),""Select Col1 where Col1 is not null limit 1"",0))"),"Christian") -> Christian | AS26: =IF(AK26=AS$3,"",AS$3) | AT26: =IF(AL26=AT$3,"",AT$3) | AU26: =IF(AM26=AU$3,"",AU$3) -> Janus | AV26: =IF(AN26=AV$3,"",AV$3) -> Christian | AW26: =COUNTif(AS26:AV26,">0"&"*") -> 2 | AX26: =sum(AB26:AE26) -> -8 | AY26: =IFNA(IFS(AY$3=$AP26,"",$AX26=U26,AY$3),"") | AZ26: =IFNA(IFS(AZ$3=$AP26,"",$AX26=V26,AZ$3),"") | BA26: =IFNA(IFS(BA$3=$AP26,"",$AX26=W26,BA$3),"") | BB26: =IFNA(IFS(BB$3=$AP26,"",$AX26=X26,BB$3),"") -> Christian | BC26: =OFFSET('00_Regnskab_01'!$A$1,MATCH(A26,'00_Regnskab_01'!$A$1:$A$25)-1,2) -> 43407 | BE26: =if(U26>0,1+BE25,0) -> 2 | BF26: =if(V26>0,1+BF25,0) -> 2 | BG26: =if(W26>0,1+BG25,0) -> 0 | BH26: =if(X26>0,1+BH25,0) -> 0 | BJ26: =if(U26<0,1+BJ25,0) -> 0 | BK26: =if(V26<0,1+BK25,0) -> 0 | BL26: =if(W26<0,1+BL25,0) -> 1 | BM26: =if(X26<0,1+BM25,0) -> 2 | BO26: =if(U26>0,U26+BO25,0) -> 28 | BP26: =if(V26>0,V26+BP25,0) -> 28 | BQ26: =if(W26>0,W26+BQ25,0) -> 0 | BR26: =if(X26>0,X26+BR25,0) -> 0 | BT26: =if(U26<0,U26+BT25,0) -> 0 | BU26: =if(V26<0,V26+BU25,0) -> 0 | BV26: =if(W26<0,W26+BV25,0) -> -8 | BW26: =if(X26<0,X26+BW25,0) -> -68 | BY26: 22
A27: 8 | B27: ='08_3-11-2018'!A19 -> 17 | C27: ='08_3-11-2018'!B19 -> -28 | D27: ='08_3-11-2018'!D19 -> 36 | E27: ='08_3-11-2018'!C19 -> -60 | F27: ='08_3-11-2018'!E19 -> 52 | G27: ='08_3-11-2018'!F19 -> 0 | H27: ='08_3-11-2018'!G19 -> Thomas | J27: ='08_3-11-2018'!H19 -> Christian | K27: ='08_3-11-2018'!I19 -> 9 vip i 3. | M27: 9 | N27: Vip | O27: 3 | U27: =C27-C26 -> -48 | V27: =D27-D26 -> 48 | W27: =E27-E26 -> -48 | X27: =F27-F26 -> 48 | AB27: =IF(AB$3=$H27,U27,"") -> -48 | AC27: =IF(AC$3=$H27,V27,"") | AD27: =IF(AD$3=$H27,W27,"") | AE27: =IF(AE$3=$H27,X27,"") | AH27: =MAXIFS(AB27:AE27,AB27:AE27, ">-1") -> 0 | AI27: =MINIFS(AB27:AE27,AB27:AE27, "<0") -> -48 | AK27: =IF(U27>0,AK$3,"") | AL27: =IF(V27>0,AL$3,"") -> Peter | AM27: =IF(W27>0,AM$3,"") | AN27: =IF(X27>0,AN$3,"") -> Christian | AO27: =COUNTif(AK27:AN27,">0"&"*") -> 2 | AP27: =H27 -> Thomas | AQ27: =IFERROR(__xludf.DUMMYFUNCTION("IFNA(QUERY(transpose(AY27:BB27),""Select Col1 where Col1 is not null limit 1"",0))"),"Janus") -> Janus | AS27: =IF(AK27=AS$3,"",AS$3) -> Thomas | AT27: =IF(AL27=AT$3,"",AT$3) | AU27: =IF(AM27=AU$3,"",AU$3) -> Janus | AV27: =IF(AN27=AV$3,"",AV$3) | AW27: =COUNTif(AS27:AV27,">0"&"*") -> 2 | AX27: =sum(AB27:AE27) -> -48 | AY27: =IFNA(IFS(AY$3=$AP27,"",$AX27=U27,AY$3),"") | AZ27: =IFNA(IFS(AZ$3=$AP27,"",$AX27=V27,AZ$3),"") | BA27: =IFNA(IFS(BA$3=$AP27,"",$AX27=W27,BA$3),"") -> Janus | BB27: =IFNA(IFS(BB$3=$AP27,"",$AX27=X27,BB$3),"") | BC27: =OFFSET('00_Regnskab_01'!$A$1,MATCH(A27,'00_Regnskab_01'!$A$1:$A$25)-1,2) -> 43407 | BE27: =if(U27>0,1+BE26,0) -> 0 | BF27: =if(V27>0,1+BF26,0) -> 3 | BG27: =if(W27>0,1+BG26,0) -> 0 | BH27: =if(X27>0,1+BH26,0) -> 1 | BJ27: =if(U27<0,1+BJ26,0) -> 1 | BK27: =if(V27<0,1+BK26,0) -> 0 | BL27: =if(W27<0,1+BL26,0) -> 2 | BM27: =if(X27<0,1+BM26,0) -> 0 | BO27: =if(U27>0,U27+BO26,0) -> 0 | BP27: =if(V27>0,V27+BP26,0) -> 76 | BQ27: =if(W27>0,W27+BQ26,0) -> 0 | BR27: =if(X27>0,X27+BR26,0) -> 48 | BT27: =if(U27<0,U27+BT26,0) -> -48 | BU27: =if(V27<0,V27+BU26,0) -> 0 | BV27: =if(W27<0,W27+BV26,0) -> -56 | BW27: =if(X27<0,X27+BW26,0) -> 0 | BY27: 23
A28: 8 | B28: ='08_3-11-2018'!A21 -> 18 | C28: ='08_3-11-2018'!B21 -> -16 | D28: ='08_3-11-2018'!D21 -> 48 | E28: ='08_3-11-2018'!C21 -> -72 | F28: ='08_3-11-2018'!E21 -> 40 | G28: ='08_3-11-2018'!F21 -> 0 | H28: ='08_3-11-2018'!G21 -> Peter | J28: ='08_3-11-2018'!H21 -> Janus | K28: ='08_3-11-2018'!I21 -> 9 gode | M28: 9 | N28: Gode | U28: =C28-C27 -> 12 | V28: =D28-D27 -> 12 | W28: =E28-E27 -> -12 | X28: =F28-F27 -> -12 | AB28: =IF(AB$3=$H28,U28,"") | AC28: =IF(AC$3=$H28,V28,"") -> 12 | AD28: =IF(AD$3=$H28,W28,"") | AE28: =IF(AE$3=$H28,X28,"") | AH28: =MAXIFS(AB28:AE28,AB28:AE28, ">-1") -> 12 | AI28: =MINIFS(AB28:AE28,AB28:AE28, "<0") -> 0 | AK28: =IF(U28>0,AK$3,"") -> Thomas | AL28: =IF(V28>0,AL$3,"") -> Peter | AM28: =IF(W28>0,AM$3,"") | AN28: =IF(X28>0,AN$3,"") | AO28: =COUNTif(AK28:AN28,">0"&"*") -> 2 | AP28: =H28 -> Peter | AQ28: =IFERROR(__xludf.DUMMYFUNCTION("IFNA(QUERY(transpose(AY28:BB28),""Select Col1 where Col1 is not null limit 1"",0))"),"Thomas") -> Thomas | AS28: =IF(AK28=AS$3,"",AS$3) | AT28: =IF(AL28=AT$3,"",AT$3) | AU28: =IF(AM28=AU$3,"",AU$3) -> Janus | AV28: =IF(AN28=AV$3,"",AV$3) -> Christian | AW28: =COUNTif(AS28:AV28,">0"&"*") -> 2 | AX28: =sum(AB28:AE28) -> 12 | AY28: =IFNA(IFS(AY$3=$AP28,"",$AX28=U28,AY$3),"") -> Thomas | AZ28: =IFNA(IFS(AZ$3=$AP28,"",$AX28=V28,AZ$3),"") | BA28: =IFNA(IFS(BA$3=$AP28,"",$AX28=W28,BA$3),"") | BB28: =IFNA(IFS(BB$3=$AP28,"",$AX28=X28,BB$3),"") | BC28: =OFFSET('00_Regnskab_01'!$A$1,MATCH(A28,'00_Regnskab_01'!$A$1:$A$25)-1,2) -> 43407 | BE28: =if(U28>0,1+BE27,0) -> 1 | BF28: =if(V28>0,1+BF27,0) -> 4 | BG28: =if(W28>0,1+BG27,0) -> 0 | BH28: =if(X28>0,1+BH27,0) -> 0 | BJ28: =if(U28<0,1+BJ27,0) -> 0 | BK28: =if(V28<0,1+BK27,0) -> 0 | BL28: =if(W28<0,1+BL27,0) -> 3 | BM28: =if(X28<0,1+BM27,0) -> 1 | BO28: =if(U28>0,U28+BO27,0) -> 12 | BP28: =if(V28>0,V28+BP27,0) -> 88 | BQ28: =if(W28>0,W28+BQ27,0) -> 0 | BR28: =if(X28>0,X28+BR27,0) -> 0 | BT28: =if(U28<0,U28+BT27,0) -> 0 | BU28: =if(V28<0,V28+BU27,0) -> 0 | BV28: =if(W28<0,W28+BV27,0) -> -68 | BW28: =if(X28<0,X28+BW27,0) -> -12 | BY28: 24
A29: 8 | B29: ='08_3-11-2018'!A22 -> 19 | C29: ='08_3-11-2018'!B22 -> -32 | D29: ='08_3-11-2018'!D22 -> 64 | E29: ='08_3-11-2018'!C22 -> -56 | F29: ='08_3-11-2018'!E22 -> 24 | G29: ='08_3-11-2018'!F22 -> 0 | H29: ='08_3-11-2018'!G22 -> Janus | J29: ='08_3-11-2018'!H22 -> Thomas | K29: ='08_3-11-2018'!I22 -> 9 halve | M29: 9 | N29: Halve | U29: =C29-C28 -> -16 | V29: =D29-D28 -> 16 | W29: =E29-E28 -> 16 | X29: =F29-F28 -> -16 | AB29: =IF(AB$3=$H29,U29,"") | AC29: =IF(AC$3=$H29,V29,"") | AD29: =IF(AD$3=$H29,W29,"") -> 16 | AE29: =IF(AE$3=$H29,X29,"") | AH29: =MAXIFS(AB29:AE29,AB29:AE29, ">-1") -> 16 | AI29: =MINIFS(AB29:AE29,AB29:AE29, "<0") -> 0 | AK29: =IF(U29>0,AK$3,"") | AL29: =IF(V29>0,AL$3,"") -> Peter | AM29: =IF(W29>0,AM$3,"") -> Janus | AN29: =IF(X29>0,AN$3,"") | AO29: =COUNTif(AK29:AN29,">0"&"*") -> 2 | AP29: =H29 -> Janus | AQ29: =IFERROR(__xludf.DUMMYFUNCTION("IFNA(QUERY(transpose(AY29:BB29),""Select Col1 where Col1 is not null limit 1"",0))"),"Peter") -> Peter | AS29: =IF(AK29=AS$3,"",AS$3) -> Thomas | AT29: =IF(AL29=AT$3,"",AT$3) | AU29: =IF(AM29=AU$3,"",AU$3) | AV29: =IF(AN29=AV$3,"",AV$3) -> Christian | AW29: =COUNTif(AS29:AV29,">0"&"*") -> 2 | AX29: =sum(AB29:AE29) -> 16 | AY29: =IFNA(IFS(AY$3=$AP29,"",$AX29=U29,AY$3),"") | AZ29: =IFNA(IFS(AZ$3=$AP29,"",$AX29=V29,AZ$3),"") -> Peter | BA29: =IFNA(IFS(BA$3=$AP29,"",$AX29=W29,BA$3),"") | BB29: =IFNA(IFS(BB$3=$AP29,"",$AX29=X29,BB$3),"") | BC29: =OFFSET('00_Regnskab_01'!$A$1,MATCH(A29,'00_Regnskab_01'!$A$1:$A$25)-1,2) -> 43407 | BE29: =if(U29>0,1+BE28,0) -> 0 | BF29: =if(V29>0,1+BF28,0) -> 5 | BG29: =if(W29>0,1+BG28,0) -> 1 | BH29: =if(X29>0,1+BH28,0) -> 0 | BJ29: =if(U29<0,1+BJ28,0) -> 1 | BK29: =if(V29<0,1+BK28,0) -> 0 | BL29: =if(W29<0,1+BL28,0) -> 0 | BM29: =if(X29<0,1+BM28,0) -> 2 | BO29: =if(U29>0,U29+BO28,0) -> 0 | BP29: =if(V29>0,V29+BP28,0) -> 104 | BQ29: =if(W29>0,W29+BQ28,0) -> 16 | BR29: =if(X29>0,X29+BR28,0) -> 0 | BT29: =if(U29<0,U29+BT28,0) -> -16 | BU29: =if(V29<0,V29+BU28,0) -> 0 | BV29: =if(W29<0,W29+BV28,0) -> 0 | BW29: =if(X29<0,X29+BW28,0) -> -28 | BY29: 25
A30: 8 | B30: ='08_3-11-2018'!A23 -> 20 | C30: ='08_3-11-2018'!B23 -> -96 | D30: ='08_3-11-2018'!D23 -> 128 | E30: ='08_3-11-2018'!C23 -> 8 | F30: ='08_3-11-2018'!E23 -> -40 | G30: ='08_3-11-2018'!F23 -> 0 | H30: ='08_3-11-2018'!G23 -> Thomas | I30: Christian | J30: ='08_3-11-2018'!H23 -> Christian | K30: ='08_3-11-2018'!I23 -> 9. vip i 3. | M30: 9 | N30: Vip | O30: 3 | U30: =C30-C29 -> -64 | V30: =D30-D29 -> 64 | W30: =E30-E29 -> 64 | X30: =F30-F29 -> -64 | Z30: TEST | AB30: =IF(AB$3=$H30,U30,"") -> -64 | AC30: =IF(AC$3=$H30,V30,"") | AD30: =IF(AD$3=$H30,W30,"") | AE30: =IF(AE$3=$H30,X30,"") | AH30: =MAXIFS(AB30:AE30,AB30:AE30, ">-1") -> 0 | AI30: =MINIFS(AB30:AE30,AB30:AE30, "<0") -> -64 | AK30: =IF(U30>0,AK$3,"") | AL30: =IF(V30>0,AL$3,"") -> Peter | AM30: =IF(W30>0,AM$3,"") -> Janus | AN30: =IF(X30>0,AN$3,"") | AO30: =COUNTif(AK30:AN30,">0"&"*") -> 2 | AP30: =H30 -> Thomas | AQ30: =IFERROR(__xludf.DUMMYFUNCTION("IFNA(QUERY(transpose(AY30:BB30),""Select Col1 where Col1 is not null limit 1"",0))"),"Christian") -> Christian | AS30: =IF(AK30=AS$3,"",AS$3) -> Thomas | AT30: =IF(AL30=AT$3,"",AT$3) | AU30: =IF(AM30=AU$3,"",AU$3) | AV30: =IF(AN30=AV$3,"",AV$3) -> Christian | AW30: =COUNTif(AS30:AV30,">0"&"*") -> 2 | AX30: =sum(AB30:AE30) -> -64 | AY30: =IFNA(IFS(AY$3=$AP30,"",$AX30=U30,AY$3),"") | AZ30: =IFNA(IFS(AZ$3=$AP30,"",$AX30=V30,AZ$3),"") | BA30: =IFNA(IFS(BA$3=$AP30,"",$AX30=W30,BA$3),"") | BB30: =IFNA(IFS(BB$3=$AP30,"",$AX30=X30,BB$3),"") -> Christian | BC30: =OFFSET('00_Regnskab_01'!$A$1,MATCH(A30,'00_Regnskab_01'!$A$1:$A$25)-1,2) -> 43407 | BE30: =if(U30>0,1+BE29,0) -> 0 | BF30: =if(V30>0,1+BF29,0) -> 6 | BG30: =if(W30>0,1+BG29,0) -> 2 | BH30: =if(X30>0,1+BH29,0) -> 0 | BJ30: =if(U30<0,1+BJ29,0) -> 2 | BK30: =if(V30<0,1+BK29,0) -> 0 | BL30: =if(W30<0,1+BL29,0) -> 0 | BM30: =if(X30<0,1+BM29,0) -> 3 | BO30: =if(U30>0,U30+BO29,0) -> 0 | BP30: =if(V30>0,V30+BP29,0) -> 168 | BQ30: =if(W30>0,W30+BQ29,0) -> 80 | BR30: =if(X30>0,X30+BR29,0) -> 0 | BT30: =if(U30<0,U30+BT29,0) -> -80 | BU30: =if(V30<0,V30+BU29,0) -> 0 | BV30: =if(W30<0,W30+BV29,0) -> 0 | BW30: =if(X30<0,X30+BW29,0) -> -92 | BY30: 26
A31: 8 | B31: ='08_3-11-2018'!A24 -> 21 | C31: ='08_3-11-2018'!B24 -> -76 | D31: ='08_3-11-2018'!D24 -> 148 | E31: ='08_3-11-2018'!C24 -> -52 | F31: ='08_3-11-2018'!E24 -> -20 | G31: ='08_3-11-2018'!F24 -> 0 | H31: ='08_3-11-2018'!G24 -> Janus | J31: ='08_3-11-2018'!H24 -> Peter | K31: ='08_3-11-2018'!I24 -> 9 halve | M31: 9 | N31: Halve | U31: =C31-C30 -> 20 | V31: =D31-D30 -> 20 | W31: =E31-E30 -> -60 | X31: =F31-F30 -> 20 | Z31: =if(U31>SUM(U31+V31+W31+X31),"ja","nej") -> ja | AB31: =IF(AB$3=$H31,U31,"") | AC31: =IF(AC$3=$H31,V31,"") | AD31: =IF(AD$3=$H31,W31,"") -> -60 | AE31: =IF(AE$3=$H31,X31,"") | AH31: =MAXIFS(AB31:AE31,AB31:AE31, ">-1") -> 0 | AI31: =MINIFS(AB31:AE31,AB31:AE31, "<0") -> -60 | AK31: =IF(U31>0,AK$3,"") -> Thomas | AL31: =IF(V31>0,AL$3,"") -> Peter | AM31: =IF(W31>0,AM$3,"") | AN31: =IF(X31>0,AN$3,"") -> Christian | AO31: =COUNTif(AK31:AN31,">0"&"*") -> 3 | AP31: =H31 -> Janus | AQ31: =IFERROR(__xludf.DUMMYFUNCTION("IFNA(QUERY(transpose(AY31:BB31),""Select Col1 where Col1 is not null limit 1"",0))"),"") | AS31: =IF(AK31=AS$3,"",AS$3) | AT31: =IF(AL31=AT$3,"",AT$3) | AU31: =IF(AM31=AU$3,"",AU$3) -> Janus | AV31: =IF(AN31=AV$3,"",AV$3) | AW31: =COUNTif(AS31:AV31,">0"&"*") -> 1 | AX31: =sum(AB31:AE31) -> -60 | AY31: =IFNA(IFS(AY$3=$AP31,"",$AX31=U31,AY$3),"") | AZ31: =IFNA(IFS(AZ$3=$AP31,"",$AX31=V31,AZ$3),"") | BA31: =IFNA(IFS(BA$3=$AP31,"",$AX31=W31,BA$3),"") | BB31: =IFNA(IFS(BB$3=$AP31,"",$AX31=X31,BB$3),"") | BC31: =OFFSET('00_Regnskab_01'!$A$1,MATCH(A31,'00_Regnskab_01'!$A$1:$A$25)-1,2) -> 43407 | BE31: =if(U31>0,1+BE30,0) -> 1 | BF31: =if(V31>0,1+BF30,0) -> 7 | BG31: =if(W31>0,1+BG30,0) -> 0 | BH31: =if(X31>0,1+BH30,0) -> 1 | BJ31: =if(U31<0,1+BJ30,0) -> 0 | BK31: =if(V31<0,1+BK30,0) -> 0 | BL31: =if(W31<0,1+BL30,0) -> 1 | BM31: =if(X31<0,1+BM30,0) -> 0 | BO31: =if(U31>0,U31+BO30,0) -> 20 | BP31: =if(V31>0,V31+BP30,0) -> 188 | BQ31: =if(W31>0,W31+BQ30,0) -> 0 | BR31: =if(X31>0,X31+BR30,0) -> 20 | BT31: =if(U31<0,U31+BT30,0) -> 0 | BU31: =if(V31<0,V31+BU30,0) -> 0 | BV31: =if(W31<0,W31+BV30,0) -> -60 | BW31: =if(X31<0,X31+BW30,0) -> 0
A32: 8 | B32: ='08_3-11-2018'!A25 -> 22 | C32: ='08_3-11-2018'!B25 -> -60 | D32: ='08_3-11-2018'!D25 -> 100 | E32: ='08_3-11-2018'!C25 -> -36 | F32: ='08_3-11-2018'!E25 -> -4 | G32: ='08_3-11-2018'!F25 -> 0 | H32: ='08_3-11-2018'!G25 -> Peter | J32: ='08_3-11-2018'!H25 -> Janus | K32: ='08_3-11-2018'!I25 -> Ren Sol | N32: Ren sol | U32: =C32-C31 -> 16 | V32: =D32-D31 -> -48 | W32: =E32-E31 -> 16 | X32: =F32-F31 -> 16 | Z32: =if(U32>SUM(U32+V32+W32+X32),"ja","nej") -> ja | AB32: =IF(AB$3=$H32,U32,"") | AC32: =IF(AC$3=$H32,V32,"") -> -48 | AD32: =IF(AD$3=$H32,W32,"") | AE32: =IF(AE$3=$H32,X32,"") | AH32: =MAXIFS(AB32:AE32,AB32:AE32, ">-1") -> 0 | AI32: =MINIFS(AB32:AE32,AB32:AE32, "<0") -> -48 | AK32: =IF(U32>0,AK$3,"") -> Thomas | AL32: =IF(V32>0,AL$3,"") | AM32: =IF(W32>0,AM$3,"") -> Janus | AN32: =IF(X32>0,AN$3,"") -> Christian | AO32: =COUNTif(AK32:AN32,">0"&"*") -> 3 | AP32: =H32 -> Peter | AQ32: =IFERROR(__xludf.DUMMYFUNCTION("IFNA(QUERY(transpose(AY32:BB32),""Select Col1 where Col1 is not null limit 1"",0))"),"") | AS32: =IF(AK32=AS$3,"",AS$3) | AT32: =IF(AL32=AT$3,"",AT$3) -> Peter | AU32: =IF(AM32=AU$3,"",AU$3) | AV32: =IF(AN32=AV$3,"",AV$3) | AW32: =COUNTif(AS32:AV32,">0"&"*") -> 1 | AX32: =sum(AB32:AE32) -> -48 | AY32: =IFNA(IFS(AY$3=$AP32,"",$AX32=U32,AY$3),"") | AZ32: =IFNA(IFS(AZ$3=$AP32,"",$AX32=V32,AZ$3),"") | BA32: =IFNA(IFS(BA$3=$AP32,"",$AX32=W32,BA$3),"") | BB32: =IFNA(IFS(BB$3=$AP32,"",$AX32=X32,BB$3),"") | BC32: =OFFSET('00_Regnskab_01'!$A$1,MATCH(A32,'00_Regnskab_01'!$A$1:$A$25)-1,2) -> 43407 | BE32: =if(U32>0,1+BE31,0) -> 2 | BF32: =if(V32>0,1+BF31,0) -> 0 | BG32: =if(W32>0,1+BG31,0) -> 1 | BH32: =if(X32>0,1+BH31,0) -> 2 | BJ32: =if(U32<0,1+BJ31,0) -> 0 | BK32: =if(V32<0,1+BK31,0) -> 1 | BL32: =if(W32<0,1+BL31,0) -> 0 | BM32: =if(X32<0,1+BM31,0) -> 0 | BO32: =if(U32>0,U32+BO31,0) -> 36 | BP32: =if(V32>0,V32+BP31,0) -> 0 | BQ32: =if(W32>0,W32+BQ31,0) -> 16 | BR32: =if(X32>0,X32+BR31,0) -> 36 | BT32: =if(U32<0,U32+BT31,0) -> 0 | BU32: =if(V32<0,V32+BU31,0) -> -48 | BV32: =if(W32<0,W32+BV31,0) -> 0 | BW32: =if(X32<0,X32+BW31,0) -> 0
A33: 8 | B33: ='08_3-11-2018'!A26 -> 23 | C33: ='08_3-11-2018'!B26 -> 4 | D33: ='08_3-11-2018'!D26 -> 36 | E33: ='08_3-11-2018'!C26 -> -100 | F33: ='08_3-11-2018'!E26 -> 60 | G33: ='08_3-11-2018'!F26 -> 0 | H33: ='08_3-11-2018'!G26 -> Christian | J33: ='08_3-11-2018'!H26 -> Thomas | K33: ='08_3-11-2018'!I26 -> 10 halve | M33: 10 | N33: Halve | U33: =C33-C32 -> 64 | V33: =D33-D32 -> -64 | W33: =E33-E32 -> -64 | X33: =F33-F32 -> 64 | Z33: =max(U33:X33) -> 64 | AB33: =IF(AB$3=$H33,U33,"") | AC33: =IF(AC$3=$H33,V33,"") | AD33: =IF(AD$3=$H33,W33,"") | AE33: =IF(AE$3=$H33,X33,"") -> 64 | AH33: =MAXIFS(AB33:AE33,AB33:AE33, ">-1") -> 64 | AI33: =MINIFS(AB33:AE33,AB33:AE33, "<0") -> 0 | AK33: =IF(U33>0,AK$3,"") -> Thomas | AL33: =IF(V33>0,AL$3,"") | AM33: =IF(W33>0,AM$3,"") | AN33: =IF(X33>0,AN$3,"") -> Christian | AO33: =COUNTif(AK33:AN33,">0"&"*") -> 2 | AP33: =H33 -> Christian | AQ33: =IFERROR(__xludf.DUMMYFUNCTION("IFNA(QUERY(transpose(AY33:BB33),""Select Col1 where Col1 is not null limit 1"",0))"),"Thomas") -> Thomas | AS33: =IF(AK33=AS$3,"",AS$3) | AT33: =IF(AL33=AT$3,"",AT$3) -> Peter | AU33: =IF(AM33=AU$3,"",AU$3) -> Janus | AV33: =IF(AN33=AV$3,"",AV$3) | AW33: =COUNTif(AS33:AV33,">0"&"*") -> 2 | AX33: =sum(AB33:AE33) -> 64 | AY33: =IFNA(IFS(AY$3=$AP33,"",$AX33=U33,AY$3),"") -> Thomas | AZ33: =IFNA(IFS(AZ$3=$AP33,"",$AX33=V33,AZ$3),"") | BA33: =IFNA(IFS(BA$3=$AP33,"",$AX33=W33,BA$3),"") | BB33: =IFNA(IFS(BB$3=$AP33,"",$AX33=X33,BB$3),"") | BC33: =OFFSET('00_Regnskab_01'!$A$1,MATCH(A33,'00_Regnskab_01'!$A$1:$A$25)-1,2) -> 43407 | BE33: =if(U33>0,1+BE32,0) -> 3 | BF33: =if(V33>0,1+BF32,0) -> 0 | BG33: =if(W33>0,1+BG32,0) -> 0 | BH33: =if(X33>0,1+BH32,0) -> 3 | BJ33: =if(U33<0,1+BJ32,0) -> 0 | BK33: =if(V33<0,1+BK32,0) -> 2 | BL33: =if(W33<0,1+BL32,0) -> 1 | BM33: =if(X33<0,1+BM32,0) -> 0 | BO33: =if(U33>0,U33+BO32,0) -> 100 | BP33: =if(V33>0,V33+BP32,0) -> 0 | BQ33: =if(W33>0,W33+BQ32,0) -> 0 | BR33: =if(X33>0,X33+BR32,0) -> 100 | BT33: =if(U33<0,U33+BT32,0) -> 0 | BU33: =if(V33<0,V33+BU32,0) -> -112 | BV33: =if(W33<0,W33+BV32,0) -> -64 | BW33: =if(X33<0,X33+BW32,0) -> 0
A34: 8 | B34: ='08_3-11-2018'!A27 -> 24 | C34: ='08_3-11-2018'!B27 -> 28 | D34: ='08_3-11-2018'!D27 -> 60 | E34: ='08_3-11-2018'!C27 -> -124 | F34: ='08_3-11-2018'!E27 -> 36 | G34: ='08_3-11-2018'!F27 -> 0 | H34: ='08_3-11-2018'!G27 -> Peter | J34: ='08_3-11-2018'!H27 -> Christian | K34: ='08_3-11-2018'!I27 -> 9. vip i 2. | M34: 9 | N34: Vip | O34: 2 | U34: =C34-C33 -> 24 | V34: =D34-D33 -> 24 | W34: =E34-E33 -> -24 | X34: =F34-F33 -> -24 | AB34: =IF(AB$3=$H34,U34,"") | AC34: =IF(AC$3=$H34,V34,"") -> 24 | AD34: =IF(AD$3=$H34,W34,"") | AE34: =IF(AE$3=$H34,X34,"") | AH34: =MAXIFS(AB34:AE34,AB34:AE34, ">-1") -> 24 | AI34: =MINIFS(AB34:AE34,AB34:AE34, "<0") -> 0 | AK34: =IF(U34>0,AK$3,"") -> Thomas | AL34: =IF(V34>0,AL$3,"") -> Peter | AM34: =IF(W34>0,AM$3,"") | AN34: =IF(X34>0,AN$3,"") | AO34: =COUNTif(AK34:AN34,">0"&"*") -> 2 | AP34: =H34 -> Peter | AQ34: =IFERROR(__xludf.DUMMYFUNCTION("IFNA(QUERY(transpose(AY34:BB34),""Select Col1 where Col1 is not null limit 1"",0))"),"Thomas") -> Thomas | AS34: =IF(AK34=AS$3,"",AS$3) | AT34: =IF(AL34=AT$3,"",AT$3) | AU34: =IF(AM34=AU$3,"",AU$3) -> Janus | AV34: =IF(AN34=AV$3,"",AV$3) -> Christian | AW34: =COUNTif(AS34:AV34,">0"&"*") -> 2 | AX34: =sum(AB34:AE34) -> 24 | AY34: =IFNA(IFS(AY$3=$AP34,"",$AX34=U34,AY$3),"") -> Thomas | AZ34: =IFNA(IFS(AZ$3=$AP34,"",$AX34=V34,AZ$3),"") | BA34: =IFNA(IFS(BA$3=$AP34,"",$AX34=W34,BA$3),"") | BB34: =IFNA(IFS(BB$3=$AP34,"",$AX34=X34,BB$3),"") | BC34: =OFFSET('00_Regnskab_01'!$A$1,MATCH(A34,'00_Regnskab_01'!$A$1:$A$25)-1,2) -> 43407 | BE34: =if(U34>0,1+BE33,0) -> 4 | BF34: =if(V34>0,1+BF33,0) -> 1 | BG34: =if(W34>0,1+BG33,0) -> 0 | BH34: =if(X34>0,1+BH33,0) -> 0 | BJ34: =if(U34<0,1+BJ33,0) -> 0 | BK34: =if(V34<0,1+BK33,0) -> 0 | BL34: =if(W34<0,1+BL33,0) -> 2 | BM34: =if(X34<0,1+BM33,0) -> 1 | BO34: =if(U34>0,U34+BO33,0) -> 124 | BP34: =if(V34>0,V34+BP33,0) -> 24 | BQ34: =if(W34>0,W34+BQ33,0) -> 0 | BR34: =if(X34>0,X34+BR33,0) -> 0 | BT34: =if(U34<0,U34+BT33,0) -> 0 | BU34: =if(V34<0,V34+BU33,0) -> 0 | BV34: =if(W34<0,W34+BV33,0) -> -88 | BW34: =if(X34<0,X34+BW33,0) -> -24
A35: 8 | B35: ='08_3-11-2018'!A28 -> 25 | C35: ='08_3-11-2018'!B28 -> 40 | D35: ='08_3-11-2018'!D28 -> 48 | E35: ='08_3-11-2018'!C28 -> -136 | F35: ='08_3-11-2018'!E28 -> 48 | G35: ='08_3-11-2018'!F28 -> 0 | H35: ='08_3-11-2018'!G28 -> Thomas | J35: ='08_3-11-2018'!H28 -> Peter | K35: ='08_3-11-2018'!I28 -> 9 halve | M35: 9 | N35: Halve | U35: =C35-C34 -> 12 | V35: =D35-D34 -> -12 | W35: =E35-E34 -> -12 | X35: =F35-F34 -> 12 | AB35: =IF(AB$3=$H35,U35,"") -> 12 | AC35: =IF(AC$3=$H35,V35,"") | AD35: =IF(AD$3=$H35,W35,"") | AE35: =IF(AE$3=$H35,X35,"") | AH35: =MAXIFS(AB35:AE35,AB35:AE35, ">-1") -> 12 | AI35: =MINIFS(AB35:AE35,AB35:AE35, "<0") -> 0 | AK35: =IF(U35>0,AK$3,"") -> Thomas | AL35: =IF(V35>0,AL$3,"") | AM35: =IF(W35>0,AM$3,"") | AN35: =IF(X35>0,AN$3,"") -> Christian | AO35: =COUNTif(AK35:AN35,">0"&"*") -> 2 | AP35: =H35 -> Thomas | AQ35: =IFERROR(__xludf.DUMMYFUNCTION("IFNA(QUERY(transpose(AY35:BB35),""Select Col1 where Col1 is not null limit 1"",0))"),"Christian") -> Christian | AS35: =IF(AK35=AS$3,"",AS$3) | AT35: =IF(AL35=AT$3,"",AT$3) -> Peter | AU35: =IF(AM35=AU$3,"",AU$3) -> Janus | AV35: =IF(AN35=AV$3,"",AV$3) | AW35: =COUNTif(AS35:AV35,">0"&"*") -> 2 | AX35: =sum(AB35:AE35) -> 12 | AY35: =IFNA(IFS(AY$3=$AP35,"",$AX35=U35,AY$3),"") | AZ35: =IFNA(IFS(AZ$3=$AP35,"",$AX35=V35,AZ$3),"") | BA35: =IFNA(IFS(BA$3=$AP35,"",$AX35=W35,BA$3),"") | BB35: =IFNA(IFS(BB$3=$AP35,"",$AX35=X35,BB$3),"") -> Christian | BC35: =OFFSET('00_Regnskab_01'!$A$1,MATCH(A35,'00_Regnskab_01'!$A$1:$A$25)-1,2) -> 43407 | BE35: =if(U35>0,1+BE34,0) -> 5 | BF35: =if(V35>0,1+BF34,0) -> 0 | BG35: =if(W35>0,1+BG34,0) -> 0 | BH35: =if(X35>0,1+BH34,0) -> 1 | BJ35: =if(U35<0,1+BJ34,0) -> 0 | BK35: =if(V35<0,1+BK34,0) -> 1 | BL35: =if(W35<0,1+BL34,0) -> 3 | BM35: =if(X35<0,1+BM34,0) -> 0 | BO35: =if(U35>0,U35+BO34,0) -> 136 | BP35: =if(V35>0,V35+BP34,0) -> 0 | BQ35: =if(W35>0,W35+BQ34,0) -> 0 | BR35: =if(X35>0,X35+BR34,0) -> 12 | BT35: =if(U35<0,U35+BT34,0) -> 0 | BU35: =if(V35<0,V35+BU34,0) -> -12 | BV35: =if(W35<0,W35+BV34,0) -> -100 | BW35: =if(X35<0,X35+BW34,0) -> 0
A36: 8 | B36: ='08_3-11-2018'!A29 -> 26 | C36: ='08_3-11-2018'!B29 -> 32 | D36: ='08_3-11-2018'!D29 -> 40 | E36: ='08_3-11-2018'!C29 -> -128 | F36: ='08_3-11-2018'!E29 -> 56 | G36: ='08_3-11-2018'!F29 -> 0 | H36: ='08_3-11-2018'!G29 -> Peter | J36: ='08_3-11-2018'!H29 -> Janus | K36: ='08_3-11-2018'!I29 -> 9. gode | M36: 9 | N36: Gode | U36: =C36-C35 -> -8 | V36: =D36-D35 -> -8 | W36: =E36-E35 -> 8 | X36: =F36-F35 -> 8 | AB36: =IF(AB$3=$H36,U36,"") | AC36: =IF(AC$3=$H36,V36,"") -> -8 | AD36: =IF(AD$3=$H36,W36,"") | AE36: =IF(AE$3=$H36,X36,"") | AH36: =MAXIFS(AB36:AE36,AB36:AE36, ">-1") -> 0 | AI36: =MINIFS(AB36:AE36,AB36:AE36, "<0") -> -8 | AK36: =IF(U36>0,AK$3,"") | AL36: =IF(V36>0,AL$3,"") | AM36: =IF(W36>0,AM$3,"") -> Janus | AN36: =IF(X36>0,AN$3,"") -> Christian | AO36: =COUNTif(AK36:AN36,">0"&"*") -> 2 | AP36: =H36 -> Peter | AQ36: =IFERROR(__xludf.DUMMYFUNCTION("IFNA(QUERY(transpose(AY36:BB36),""Select Col1 where Col1 is not null limit 1"",0))"),"Thomas") -> Thomas | AS36: =IF(AK36=AS$3,"",AS$3) -> Thomas | AT36: =IF(AL36=AT$3,"",AT$3) -> Peter | AU36: =IF(AM36=AU$3,"",AU$3) | AV36: =IF(AN36=AV$3,"",AV$3) | AW36: =COUNTif(AS36:AV36,">0"&"*") -> 2 | AX36: =sum(AB36:AE36) -> -8 | AY36: =IFNA(IFS(AY$3=$AP36,"",$AX36=U36,AY$3),"") -> Thomas | AZ36: =IFNA(IFS(AZ$3=$AP36,"",$AX36=V36,AZ$3),"") | BA36: =IFNA(IFS(BA$3=$AP36,"",$AX36=W36,BA$3),"") | BB36: =IFNA(IFS(BB$3=$AP36,"",$AX36=X36,BB$3),"") | BC36: =OFFSET('00_Regnskab_01'!$A$1,MATCH(A36,'00_Regnskab_01'!$A$1:$A$25)-1,2) -> 43407 | BE36: =if(U36>0,1+BE35,0) -> 0 | BF36: =if(V36>0,1+BF35,0) -> 0 | BG36: =if(W36>0,1+BG35,0) -> 1 | BH36: =if(X36>0,1+BH35,0) -> 2 | BJ36: =if(U36<0,1+BJ35,0) -> 1 | BK36: =if(V36<0,1+BK35,0) -> 2 | BL36: =if(W36<0,1+BL35,0) -> 0 | BM36: =if(X36<0,1+BM35,0) -> 0 | BO36: =if(U36>0,U36+BO35,0) -> 0 | BP36: =if(V36>0,V36+BP35,0) -> 0 | BQ36: =if(W36>0,W36+BQ35,0) -> 8 | BR36: =if(X36>0,X36+BR35,0) -> 20 | BT36: =if(U36<0,U36+BT35,0) -> -8 | BU36: =if(V36<0,V36+BU35,0) -> -20 | BV36: =if(W36<0,W36+BV35,0) -> 0 | BW36: =if(X36<0,X36+BW35,0) -> 0
A37: 8 | B37: ='08_3-11-2018'!A30 -> 27 | C37: ='08_3-11-2018'!B30 -> 44 | D37: ='08_3-11-2018'!D30 -> 28 | E37: ='08_3-11-2018'!C30 -> -140 | F37: ='08_3-11-2018'!E30 -> 68 | G37: ='08_3-11-2018'!F30 -> 0 | H37: ='08_3-11-2018'!G30 -> Christian | J37: ='08_3-11-2018'!H30 -> Thomas | K37: ='08_3-11-2018'!I30 -> 9. halve | M37: 9 | N37: Halve | U37: =C37-C36 -> 12 | V37: =D37-D36 -> -12 | W37: =E37-E36 -> -12 | X37: =F37-F36 -> 12 | AB37: =IF(AB$3=$H37,U37,"") | AC37: =IF(AC$3=$H37,V37,"") | AD37: =IF(AD$3=$H37,W37,"") | AE37: =IF(AE$3=$H37,X37,"") -> 12 | AH37: =MAXIFS(AB37:AE37,AB37:AE37, ">-1") -> 12 | AI37: =MINIFS(AB37:AE37,AB37:AE37, "<0") -> 0 | AK37: =IF(U37>0,AK$3,"") -> Thomas | AL37: =IF(V37>0,AL$3,"") | AM37: =IF(W37>0,AM$3,"") | AN37: =IF(X37>0,AN$3,"") -> Christian | AO37: =COUNTif(AK37:AN37,">0"&"*") -> 2 | AP37: =H37 -> Christian | AQ37: =IFERROR(__xludf.DUMMYFUNCTION("IFNA(QUERY(transpose(AY37:BB37),""Select Col1 where Col1 is not null limit 1"",0))"),"Thomas") -> Thomas | AS37: =IF(AK37=AS$3,"",AS$3) | AT37: =IF(AL37=AT$3,"",AT$3) -> Peter | AU37: =IF(AM37=AU$3,"",AU$3) -> Janus | AV37: =IF(AN37=AV$3,"",AV$3) | AW37: =COUNTif(AS37:AV37,">0"&"*") -> 2 | AX37: =sum(AB37:AE37) -> 12 | AY37: =IFNA(IFS(AY$3=$AP37,"",$AX37=U37,AY$3),"") -> Thomas | AZ37: =IFNA(IFS(AZ$3=$AP37,"",$AX37=V37,AZ$3),"") | BA37: =IFNA(IFS(BA$3=$AP37,"",$AX37=W37,BA$3),"") | BB37: =IFNA(IFS(BB$3=$AP37,"",$AX37=X37,BB$3),"") | BC37: =OFFSET('00_Regnskab_01'!$A$1,MATCH(A37,'00_Regnskab_01'!$A$1:$A$25)-1,2) -> 43407 | BE37: =if(U37>0,1+BE36,0) -> 1 | BF37: =if(V37>0,1+BF36,0) -> 0 | BG37: =if(W37>0,1+BG36,0) -> 0 | BH37: =if(X37>0,1+BH36,0) -> 3 | BJ37: =if(U37<0,1+BJ36,0) -> 0 | BK37: =if(V37<0,1+BK36,0) -> 3 | BL37: =if(W37<0,1+BL36,0) -> 1 | BM37: =if(X37<0,1+BM36,0) -> 0 | BO37: =if(U37>0,U37+BO36,0) -> 12 | BP37: =if(V37>0,V37+BP36,0) -> 0 | BQ37: =if(W37>0,W37+BQ36,0) -> 0 | BR37: =if(X37>0,X37+BR36,0) -> 32 | BT37: =if(U37<0,U37+BT36,0) -> 0 | BU37: =if(V37<0,V37+BU36,0) -> -32 | BV37: =if(W37<0,W37+BV36,0) -> -12 | BW37: =if(X37<0,X37+BW36,0) -> 0
A38: 8 | B38: ='08_3-11-2018'!A31 -> 28 | C38: ='08_3-11-2018'!B31 -> 124 | D38: ='08_3-11-2018'!D31 -> -52 | E38: ='08_3-11-2018'!C31 -> -220 | F38: ='08_3-11-2018'!E31 -> 148 | G38: ='08_3-11-2018'!F31 -> 0 | H38: ='08_3-11-2018'!G31 -> Thomas | J38: ='08_3-11-2018'!H31 -> Christian | K38: ='08_3-11-2018'!I31 -> 9. vip i 2. | M38: 9 | N38: Vip | O38: 2 | U38: =C38-C37 -> 80 | V38: =D38-D37 -> -80 | W38: =E38-E37 -> -80 | X38: =F38-F37 -> 80 | AB38: =IF(AB$3=$H38,U38,"") -> 80 | AC38: =IF(AC$3=$H38,V38,"") | AD38: =IF(AD$3=$H38,W38,"") | AE38: =IF(AE$3=$H38,X38,"") | AH38: =MAXIFS(AB38:AE38,AB38:AE38, ">-1") -> 80 | AI38: =MINIFS(AB38:AE38,AB38:AE38, "<0") -> 0 | AK38: =IF(U38>0,AK$3,"") -> Thomas | AL38: =IF(V38>0,AL$3,"") | AM38: =IF(W38>0,AM$3,"") | AN38: =IF(X38>0,AN$3,"") -> Christian | AO38: =COUNTif(AK38:AN38,">0"&"*") -> 2 | AP38: =H38 -> Thomas | AQ38: =IFERROR(__xludf.DUMMYFUNCTION("IFNA(QUERY(transpose(AY38:BB38),""Select Col1 where Col1 is not null limit 1"",0))"),"Christian") -> Christian | AS38: =IF(AK38=AS$3,"",AS$3) | AT38: =IF(AL38=AT$3,"",AT$3) -> Peter | AU38: =IF(AM38=AU$3,"",AU$3) -> Janus | AV38: =IF(AN38=AV$3,"",AV$3) | AW38: =COUNTif(AS38:AV38,">0"&"*") -> 2 | AX38: =sum(AB38:AE38) -> 80 | AY38: =IFNA(IFS(AY$3=$AP38,"",$AX38=U38,AY$3),"") | AZ38: =IFNA(IFS(AZ$3=$AP38,"",$AX38=V38,AZ$3),"") | BA38: =IFNA(IFS(BA$3=$AP38,"",$AX38=W38,BA$3),"") | BB38: =IFNA(IFS(BB$3=$AP38,"",$AX38=X38,BB$3),"") -> Christian | BC38: =OFFSET('00_Regnskab_01'!$A$1,MATCH(A38,'00_Regnskab_01'!$A$1:$A$25)-1,2) -> 43407 | BE38: =if(U38>0,1+BE37,0) -> 2 | BF38: =if(V38>0,1+BF37,0) -> 0 | BG38: =if(W38>0,1+BG37,0) -> 0 | BH38: =if(X38>0,1+BH37,0) -> 4 | BJ38: =if(U38<0,1+BJ37,0) -> 0 | BK38: =if(V38<0,1+BK37,0) -> 4 | BL38: =if(W38<0,1+BL37,0) -> 2 | BM38: =if(X38<0,1+BM37,0) -> 0 | BO38: =if(U38>0,U38+BO37,0) -> 92 | BP38: =if(V38>0,V38+BP37,0) -> 0 | BQ38: =if(W38>0,W38+BQ37,0) -> 0 | BR38: =if(X38>0,X38+BR37,0) -> 112 | BT38: =if(U38<0,U38+BT37,0) -> 0 | BU38: =if(V38<0,V38+BU37,0) -> -112 | BV38: =if(W38<0,W38+BV37,0) -> -92 | BW38: =if(X38<0,X38+BW37,0) -> 0
A39: 8 | B39: ='08_3-11-2018'!A32 -> 29 | C39: ='08_3-11-2018'!B32 -> 116 | D39: ='08_3-11-2018'!D32 -> -44 | E39: ='08_3-11-2018'!C32 -> -228 | F39: ='08_3-11-2018'!E32 -> 156 | G39: ='08_3-11-2018'!F32 -> 0 | H39: ='08_3-11-2018'!G32 -> Janus | J39: ='08_3-11-2018'!H32 -> Peter | K39: ='08_3-11-2018'!I32 -> 9 halve | M39: 9 | N39: Halve | U39: =C39-C38 -> -8 | V39: =D39-D38 -> 8 | W39: =E39-E38 -> -8 | X39: =F39-F38 -> 8 | AB39: =IF(AB$3=$H39,U39,"") | AC39: =IF(AC$3=$H39,V39,"") | AD39: =IF(AD$3=$H39,W39,"") -> -8 | AE39: =IF(AE$3=$H39,X39,"") | AH39: =MAXIFS(AB39:AE39,AB39:AE39, ">-1") -> 0 | AI39: =MINIFS(AB39:AE39,AB39:AE39, "<0") -> -8 | AK39: =IF(U39>0,AK$3,"") | AL39: =IF(V39>0,AL$3,"") -> Peter | AM39: =IF(W39>0,AM$3,"") | AN39: =IF(X39>0,AN$3,"") -> Christian | AO39: =COUNTif(AK39:AN39,">0"&"*") -> 2 | AP39: =H39 -> Janus | AQ39: =IFERROR(__xludf.DUMMYFUNCTION("IFNA(QUERY(transpose(AY39:BB39),""Select Col1 where Col1 is not null limit 1"",0))"),"Thomas") -> Thomas | AS39: =IF(AK39=AS$3,"",AS$3) -> Thomas | AT39: =IF(AL39=AT$3,"",AT$3) | AU39: =IF(AM39=AU$3,"",AU$3) -> Janus | AV39: =IF(AN39=AV$3,"",AV$3) | AW39: =COUNTif(AS39:AV39,">0"&"*") -> 2 | AX39: =sum(AB39:AE39) -> -8 | AY39: =IFNA(IFS(AY$3=$AP39,"",$AX39=U39,AY$3),"") -> Thomas | AZ39: =IFNA(IFS(AZ$3=$AP39,"",$AX39=V39,AZ$3),"") | BA39: =IFNA(IFS(BA$3=$AP39,"",$AX39=W39,BA$3),"") | BB39: =IFNA(IFS(BB$3=$AP39,"",$AX39=X39,BB$3),"") | BC39: =OFFSET('00_Regnskab_01'!$A$1,MATCH(A39,'00_Regnskab_01'!$A$1:$A$25)-1,2) -> 43407 | BE39: =if(U39>0,1+BE38,0) -> 0 | BF39: =if(V39>0,1+BF38,0) -> 1 | BG39: =if(W39>0,1+BG38,0) -> 0 | BH39: =if(X39>0,1+BH38,0) -> 5 | BJ39: =if(U39<0,1+BJ38,0) -> 1 | BK39: =if(V39<0,1+BK38,0) -> 0 | BL39: =if(W39<0,1+BL38,0) -> 3 | BM39: =if(X39<0,1+BM38,0) -> 0 | BO39: =if(U39>0,U39+BO38,0) -> 0 | BP39: =if(V39>0,V39+BP38,0) -> 8 | BQ39: =if(W39>0,W39+BQ38,0) -> 0 | BR39: =if(X39>0,X39+BR38,0) -> 120 | BT39: =if(U39<0,U39+BT38,0) -> -8 | BU39: =if(V39<0,V39+BU38,0) -> 0 | BV39: =if(W39<0,W39+BV38,0) -> -100 | BW39: =if(X39<0,X39+BW38,0) -> 0
A40: 8 | B40: ='08_3-11-2018'!A33 -> 30 | C40: ='08_3-11-2018'!B33 -> 36 | D40: ='08_3-11-2018'!D33 -> -124 | E40: ='08_3-11-2018'!C33 -> -148 | F40: ='08_3-11-2018'!E33 -> 236 | G40: ='08_3-11-2018'!F33 -> 0 | H40: ='08_3-11-2018'!G33 -> Thomas | J40: ='08_3-11-2018'!H33 -> Janus | K40: ='08_3-11-2018'!I33 -> 9 vip i 3. | M40: 9 | N40: Vip | O40: 3 | U40: =C40-C39 -> -80 | V40: =D40-D39 -> -80 | W40: =E40-E39 -> 80 | X40: =F40-F39 -> 80 | AB40: =IF(AB$3=$H40,U40,"") -> -80 | AC40: =IF(AC$3=$H40,V40,"") | AD40: =IF(AD$3=$H40,W40,"") | AE40: =IF(AE$3=$H40,X40,"") | AH40: =MAXIFS(AB40:AE40,AB40:AE40, ">-1") -> 0 | AI40: =MINIFS(AB40:AE40,AB40:AE40, "<0") -> -80 | AK40: =IF(U40>0,AK$3,"") | AL40: =IF(V40>0,AL$3,"") | AM40: =IF(W40>0,AM$3,"") -> Janus | AN40: =IF(X40>0,AN$3,"") -> Christian | AO40: =COUNTif(AK40:AN40,">0"&"*") -> 2 | AP40: =H40 -> Thomas | AQ40: =IFERROR(__xludf.DUMMYFUNCTION("IFNA(QUERY(transpose(AY40:BB40),""Select Col1 where Col1 is not null limit 1"",0))"),"Peter") -> Peter | AS40: =IF(AK40=AS$3,"",AS$3) -> Thomas | AT40: =IF(AL40=AT$3,"",AT$3) -> Peter | AU40: =IF(AM40=AU$3,"",AU$3) | AV40: =IF(AN40=AV$3,"",AV$3) | AW40: =COUNTif(AS40:AV40,">0"&"*") -> 2 | AX40: =sum(AB40:AE40) -> -80 | AY40: =IFNA(IFS(AY$3=$AP40,"",$AX40=U40,AY$3),"") | AZ40: =IFNA(IFS(AZ$3=$AP40,"",$AX40=V40,AZ$3),"") -> Peter | BA40: =IFNA(IFS(BA$3=$AP40,"",$AX40=W40,BA$3),"") | BB40: =IFNA(IFS(BB$3=$AP40,"",$AX40=X40,BB$3),"") | BC40: =OFFSET('00_Regnskab_01'!$A$1,MATCH(A40,'00_Regnskab_01'!$A$1:$A$25)-1,2) -> 43407 | BE40: =if(U40>0,1+BE39,0) -> 0 | BF40: =if(V40>0,1+BF39,0) -> 0 | BG40: =if(W40>0,1+BG39,0) -> 1 | BH40: =if(X40>0,1+BH39,0) -> 6 | BJ40: =if(U40<0,1+BJ39,0) -> 2 | BK40: =if(V40<0,1+BK39,0) -> 1 | BL40: =if(W40<0,1+BL39,0) -> 0 | BM40: =if(X40<0,1+BM39,0) -> 0 | BO40: =if(U40>0,U40+BO39,0) -> 0 | BP40: =if(V40>0,V40+BP39,0) -> 0 | BQ40: =if(W40>0,W40+BQ39,0) -> 80 | BR40: =if(X40>0,X40+BR39,0) -> 200 | BT40: =if(U40<0,U40+BT39,0) -> -88 | BU40: =if(V40<0,V40+BU39,0) -> -80 | BV40: =if(W40<0,W40+BV39,0) -> 0 | BW40: =if(X40<0,X40+BW39,0) -> 0
A41: 8 | B41: ='08_3-11-2018'!A34 -> 31 | C41: ='08_3-11-2018'!B34 -> 28 | D41: ='08_3-11-2018'!D34 -> -132 | E41: ='08_3-11-2018'!C34 -> -156 | F41: ='08_3-11-2018'!E34 -> 260 | G41: ='08_3-11-2018'!F34 -> 0 | H41: ='08_3-11-2018'!G34 -> Christian | J41: ='08_3-11-2018'!H34 -> Thomas | K41: ='08_3-11-2018'!I34 -> ren sol | N41: Ren sol | U41: =C41-C40 -> -8 | V41: =D41-D40 -> -8 | W41: =E41-E40 -> -8 | X41: =F41-F40 -> 24 | AB41: =IF(AB$3=$H41,U41,"") | AC41: =IF(AC$3=$H41,V41,"") | AD41: =IF(AD$3=$H41,W41,"") | AE41: =IF(AE$3=$H41,X41,"") -> 24 | AH41: =MAXIFS(AB41:AE41,AB41:AE41, ">-1") -> 24 | AI41: =MINIFS(AB41:AE41,AB41:AE41, "<0") -> 0 | AK41: =IF(U41>0,AK$3,"") | AL41: =IF(V41>0,AL$3,"") | AM41: =IF(W41>0,AM$3,"") | AN41: =IF(X41>0,AN$3,"") -> Christian | AO41: =COUNTif(AK41:AN41,">0"&"*") -> 1 | AP41: =H41 -> Christian | AQ41: =IFERROR(__xludf.DUMMYFUNCTION("IFNA(QUERY(transpose(AY41:BB41),""Select Col1 where Col1 is not null limit 1"",0))"),"") | AS41: =IF(AK41=AS$3,"",AS$3) -> Thomas | AT41: =IF(AL41=AT$3,"",AT$3) -> Peter | AU41: =IF(AM41=AU$3,"",AU$3) -> Janus | AV41: =IF(AN41=AV$3,"",AV$3) | AW41: =COUNTif(AS41:AV41,">0"&"*") -> 3 | AX41: =sum(AB41:AE41) -> 24 | AY41: =IFNA(IFS(AY$3=$AP41,"",$AX41=U41,AY$3),"") | AZ41: =IFNA(IFS(AZ$3=$AP41,"",$AX41=V41,AZ$3),"") | BA41: =IFNA(IFS(BA$3=$AP41,"",$AX41=W41,BA$3),"") | BB41: =IFNA(IFS(BB$3=$AP41,"",$AX41=X41,BB$3),"") | BC41: =OFFSET('00_Regnskab_01'!$A$1,MATCH(A41,'00_Regnskab_01'!$A$1:$A$25)-1,2) -> 43407 | BE41: =if(U41>0,1+BE40,0) -> 0 | BF41: =if(V41>0,1+BF40,0) -> 0 | BG41: =if(W41>0,1+BG40,0) -> 0 | BH41: =if(X41>0,1+BH40,0) -> 7 | BJ41: =if(U41<0,1+BJ40,0) -> 3 | BK41: =if(V41<0,1+BK40,0) -> 2 | BL41: =if(W41<0,1+BL40,0) -> 1 | BM41: =if(X41<0,1+BM40,0) -> 0 | BO41: =if(U41>0,U41+BO40,0) -> 0 | BP41: =if(V41>0,V41+BP40,0) -> 0 | BQ41: =if(W41>0,W41+BQ40,0) -> 0 | BR41: =if(X41>0,X41+BR40,0) -> 224 | BT41: =if(U41<0,U41+BT40,0) -> -96 | BU41: =if(V41<0,V41+BU40,0) -> -88 | BV41: =if(W41<0,W41+BV40,0) -> -8 | BW41: =if(X41<0,X41+BW40,0) -> 0
A42: 8 | B42: ='08_3-11-2018'!A35 -> 32 | C42: ='08_3-11-2018'!B35 -> 52 | D42: ='08_3-11-2018'!D35 -> -204 | E42: ='08_3-11-2018'!C35 -> -132 | F42: ='08_3-11-2018'!E35 -> 284 | G42: ='08_3-11-2018'!F35 -> 0 | H42: ='08_3-11-2018'!G35 -> Peter | J42: ='08_3-11-2018'!H35 -> Christian | K42: ='08_3-11-2018'!I35 -> 9 vip i 1. | M42: 9 | N42: Vip | O42: 1 | U42: =C42-C41 -> 24 | V42: =D42-D41 -> -72 | W42: =E42-E41 -> 24 | X42: =F42-F41 -> 24 | AB42: =IF(AB$3=$H42,U42,"") | AC42: =IF(AC$3=$H42,V42,"") -> -72 | AD42: =IF(AD$3=$H42,W42,"") | AE42: =IF(AE$3=$H42,X42,"") | AH42: =MAXIFS(AB42:AE42,AB42:AE42, ">-1") -> 0 | AI42: =MINIFS(AB42:AE42,AB42:AE42, "<0") -> -72 | AK42: =IF(U42>0,AK$3,"") -> Thomas | AL42: =IF(V42>0,AL$3,"") | AM42: =IF(W42>0,AM$3,"") -> Janus | AN42: =IF(X42>0,AN$3,"") -> Christian | AO42: =COUNTif(AK42:AN42,">0"&"*") -> 3 | AP42: =H42 -> Peter | AQ42: =IFERROR(__xludf.DUMMYFUNCTION("IFNA(QUERY(transpose(AY42:BB42),""Select Col1 where Col1 is not null limit 1"",0))"),"") | AS42: =IF(AK42=AS$3,"",AS$3) | AT42: =IF(AL42=AT$3,"",AT$3) -> Peter | AU42: =IF(AM42=AU$3,"",AU$3) | AV42: =IF(AN42=AV$3,"",AV$3) | AW42: =COUNTif(AS42:AV42,">0"&"*") -> 1 | AX42: =sum(AB42:AE42) -> -72 | AY42: =IFNA(IFS(AY$3=$AP42,"",$AX42=U42,AY$3),"") | AZ42: =IFNA(IFS(AZ$3=$AP42,"",$AX42=V42,AZ$3),"") | BA42: =IFNA(IFS(BA$3=$AP42,"",$AX42=W42,BA$3),"") | BB42: =IFNA(IFS(BB$3=$AP42,"",$AX42=X42,BB$3),"") | BC42: =OFFSET('00_Regnskab_01'!$A$1,MATCH(A42,'00_Regnskab_01'!$A$1:$A$25)-1,2) -> 43407 | BE42: =if(U42>0,1+BE41,0) -> 1 | BF42: =if(V42>0,1+BF41,0) -> 0 | BG42: =if(W42>0,1+BG41,0) -> 1 | BH42: =if(X42>0,1+BH41,0) -> 8 | BJ42: =if(U42<0,1+BJ41,0) -> 0 | BK42: =if(V42<0,1+BK41,0) -> 3 | BL42: =if(W42<0,1+BL41,0) -> 0 | BM42: =if(X42<0,1+BM41,0) -> 0 | BO42: =if(U42>0,U42+BO41,0) -> 24 | BP42: =if(V42>0,V42+BP41,0) -> 0 | BQ42: =if(W42>0,W42+BQ41,0) -> 24 | BR42: =if(X42>0,X42+BR41,0) -> 248 | BT42: =if(U42<0,U42+BT41,0) -> 0 | BU42: =if(V42<0,V42+BU41,0) -> -160 | BV42: =if(W42<0,W42+BV41,0) -> 0 | BW42: =if(X42<0,X42+BW41,0) -> 0
A43: 8 | B43: ='08_3-11-2018'!A36 -> 33 | C43: ='08_3-11-2018'!B36 -> 36 | D43: ='08_3-11-2018'!D36 -> -220 | E43: ='08_3-11-2018'!C36 -> -148 | F43: ='08_3-11-2018'!E36 -> 332 | G43: ='08_3-11-2018'!F36 -> 0 | H43: ='08_3-11-2018'!G36 -> Christian | J43: ='08_3-11-2018'!H36 -> Peter | K43: ='08_3-11-2018'!I36 -> 10 sol ren | N43: Ren sol | U43: =C43-C42 -> -16 | V43: =D43-D42 -> -16 | W43: =E43-E42 -> -16 | X43: =F43-F42 -> 48 | AB43: =IF(AB$3=$H43,U43,"") | AC43: =IF(AC$3=$H43,V43,"") | AD43: =IF(AD$3=$H43,W43,"") | AE43: =IF(AE$3=$H43,X43,"") -> 48 | AH43: =MAXIFS(AB43:AE43,AB43:AE43, ">-1") -> 48 | AI43: =MINIFS(AB43:AE43,AB43:AE43, "<0") -> 0 | AK43: =IF(U43>0,AK$3,"") | AL43: =IF(V43>0,AL$3,"") | AM43: =IF(W43>0,AM$3,"") | AN43: =IF(X43>0,AN$3,"") -> Christian | AO43: =COUNTif(AK43:AN43,">0"&"*") -> 1 | AP43: =H43 -> Christian | AQ43: =IFERROR(__xludf.DUMMYFUNCTION("IFNA(QUERY(transpose(AY43:BB43),""Select Col1 where Col1 is not null limit 1"",0))"),"") | AS43: =IF(AK43=AS$3,"",AS$3) -> Thomas | AT43: =IF(AL43=AT$3,"",AT$3) -> Peter | AU43: =IF(AM43=AU$3,"",AU$3) -> Janus | AV43: =IF(AN43=AV$3,"",AV$3) | AW43: =COUNTif(AS43:AV43,">0"&"*") -> 3 | AX43: =sum(AB43:AE43) -> 48 | AY43: =IFNA(IFS(AY$3=$AP43,"",$AX43=U43,AY$3),"") | AZ43: =IFNA(IFS(AZ$3=$AP43,"",$AX43=V43,AZ$3),"") | BA43: =IFNA(IFS(BA$3=$AP43,"",$AX43=W43,BA$3),"") | BB43: =IFNA(IFS(BB$3=$AP43,"",$AX43=X43,BB$3),"") | BC43: =OFFSET('00_Regnskab_01'!$A$1,MATCH(A43,'00_Regnskab_01'!$A$1:$A$25)-1,2) -> 43407 | BE43: =if(U43>0,1+BE42,0) -> 0 | BF43: =if(V43>0,1+BF42,0) -> 0 | BG43: =if(W43>0,1+BG42,0) -> 0 | BH43: =if(X43>0,1+BH42,0) -> 9 | BJ43: =if(U43<0,1+BJ42,0) -> 1 | BK43: =if(V43<0,1+BK42,0) -> 4 | BL43: =if(W43<0,1+BL42,0) -> 1 | BM43: =if(X43<0,1+BM42,0) -> 0 | BO43: =if(U43>0,U43+BO42,0) -> 0 | BP43: =if(V43>0,V43+BP42,0) -> 0 | BQ43: =if(W43>0,W43+BQ42,0) -> 0 | BR43: =if(X43>0,X43+BR42,0) -> 296 | BT43: =if(U43<0,U43+BT42,0) -> -16 | BU43: =if(V43<0,V43+BU42,0) -> -176 | BV43: =if(W43<0,W43+BV42,0) -> -16 | BW43: =if(X43<0,X43+BW42,0) -> 0
A44: 8 | B44: ='08_3-11-2018'!A37 -> 34 | C44: ='08_3-11-2018'!B37 -> 20 | D44: ='08_3-11-2018'!D37 -> -236 | E44: ='08_3-11-2018'!C37 -> -132 | F44: ='08_3-11-2018'!E37 -> 348 | G44: ='08_3-11-2018'!F37 -> 0 | H44: ='08_3-11-2018'!G37 -> Janus | J44: ='08_3-11-2018'!H37 -> Janus | K44: ='08_3-11-2018'!I37 -> 10 gode | M44: 10 | N44: Gode | U44: =C44-C43 -> -16 | V44: =D44-D43 -> -16 | W44: =E44-E43 -> 16 | X44: =F44-F43 -> 16 | AB44: =IF(AB$3=$H44,U44,"") | AC44: =IF(AC$3=$H44,V44,"") | AD44: =IF(AD$3=$H44,W44,"") -> 16 | AE44: =IF(AE$3=$H44,X44,"") | AH44: =MAXIFS(AB44:AE44,AB44:AE44, ">-1") -> 16 | AI44: =MINIFS(AB44:AE44,AB44:AE44, "<0") -> 0 | AK44: =IF(U44>0,AK$3,"") | AL44: =IF(V44>0,AL$3,"") | AM44: =IF(W44>0,AM$3,"") -> Janus | AN44: =IF(X44>0,AN$3,"") -> Christian | AO44: =COUNTif(AK44:AN44,">0"&"*") -> 2 | AP44: =H44 -> Janus | AQ44: =IFERROR(__xludf.DUMMYFUNCTION("IFNA(QUERY(transpose(AY44:BB44),""Select Col1 where Col1 is not null limit 1"",0))"),"Christian") -> Christian | AS44: =IF(AK44=AS$3,"",AS$3) -> Thomas | AT44: =IF(AL44=AT$3,"",AT$3) -> Peter | AU44: =IF(AM44=AU$3,"",AU$3) | AV44: =IF(AN44=AV$3,"",AV$3) | AW44: =COUNTif(AS44:AV44,">0"&"*") -> 2 | AX44: =sum(AB44:AE44) -> 16 | AY44: =IFNA(IFS(AY$3=$AP44,"",$AX44=U44,AY$3),"") | AZ44: =IFNA(IFS(AZ$3=$AP44,"",$AX44=V44,AZ$3),"") | BA44: =IFNA(IFS(BA$3=$AP44,"",$AX44=W44,BA$3),"") | BB44: =IFNA(IFS(BB$3=$AP44,"",$AX44=X44,BB$3),"") -> Christian | BC44: =OFFSET('00_Regnskab_01'!$A$1,MATCH(A44,'00_Regnskab_01'!$A$1:$A$25)-1,2) -> 43407 | BE44: =if(U44>0,1+BE43,0) -> 0 | BF44: =if(V44>0,1+BF43,0) -> 0 | BG44: =if(W44>0,1+BG43,0) -> 1 | BH44: =if(X44>0,1+BH43,0) -> 10 | BJ44: =if(U44<0,1+BJ43,0) -> 2 | BK44: =if(V44<0,1+BK43,0) -> 5 | BL44: =if(W44<0,1+BL43,0) -> 0 | BM44: =if(X44<0,1+BM43,0) -> 0 | BO44: =if(U44>0,U44+BO43,0) -> 0 | BP44: =if(V44>0,V44+BP43,0) -> 0 | BQ44: =if(W44>0,W44+BQ43,0) -> 16 | BR44: =if(X44>0,X44+BR43,0) -> 312 | BT44: =if(U44<0,U44+BT43,0) -> -32 | BU44: =if(V44<0,V44+BU43,0) -> -192 | BV44: =if(W44<0,W44+BV43,0) -> 0 | BW44: =if(X44<0,X44+BW43,0) -> 0
A45: 8 | B45: ='08_3-11-2018'!A38 -> 35 | C45: ='08_3-11-2018'!B38 -> -4 | D45: ='08_3-11-2018'!D38 -> -212 | E45: ='08_3-11-2018'!C38 -> -156 | F45: ='08_3-11-2018'!E38 -> 372 | G45: ='08_3-11-2018'!F38 -> 0 | H45: ='08_3-11-2018'!G38 -> Christian | J45: ='08_3-11-2018'!H38 -> Thomas | K45: ='08_3-11-2018'!I38 -> 9. sans | M45: 9 | N45: Sans | U45: =C45-C44 -> -24 | V45: =D45-D44 -> 24 | W45: =E45-E44 -> -24 | X45: =F45-F44 -> 24 | AB45: =IF(AB$3=$H45,U45,"") | AC45: =IF(AC$3=$H45,V45,"") | AD45: =IF(AD$3=$H45,W45,"") | AE45: =IF(AE$3=$H45,X45,"") -> 24 | AH45: =MAXIFS(AB45:AE45,AB45:AE45, ">-1") -> 24 | AI45: =MINIFS(AB45:AE45,AB45:AE45, "<0") -> 0 | AK45: =IF(U45>0,AK$3,"") | AL45: =IF(V45>0,AL$3,"") -> Peter | AM45: =IF(W45>0,AM$3,"") | AN45: =IF(X45>0,AN$3,"") -> Christian | AO45: =COUNTif(AK45:AN45,">0"&"*") -> 2 | AP45: =H45 -> Christian | AQ45: =IFERROR(__xludf.DUMMYFUNCTION("IFNA(QUERY(transpose(AY45:BB45),""Select Col1 where Col1 is not null limit 1"",0))"),"Peter") -> Peter | AS45: =IF(AK45=AS$3,"",AS$3) -> Thomas | AT45: =IF(AL45=AT$3,"",AT$3) | AU45: =IF(AM45=AU$3,"",AU$3) -> Janus | AV45: =IF(AN45=AV$3,"",AV$3) | AW45: =COUNTif(AS45:AV45,">0"&"*") -> 2 | AX45: =sum(AB45:AE45) -> 24 | AY45: =IFNA(IFS(AY$3=$AP45,"",$AX45=U45,AY$3),"") | AZ45: =IFNA(IFS(AZ$3=$AP45,"",$AX45=V45,AZ$3),"") -> Peter | BA45: =IFNA(IFS(BA$3=$AP45,"",$AX45=W45,BA$3),"") | BB45: =IFNA(IFS(BB$3=$AP45,"",$AX45=X45,BB$3),"") | BC45: =OFFSET('00_Regnskab_01'!$A$1,MATCH(A45,'00_Regnskab_01'!$A$1:$A$25)-1,2) -> 43407 | BE45: =if(U45>0,1+BE44,0) -> 0 | BF45: =if(V45>0,1+BF44,0) -> 1 | BG45: =if(W45>0,1+BG44,0) -> 0 | BH45: =if(X45>0,1+BH44,0) -> 11 | BJ45: =if(U45<0,1+BJ44,0) -> 3 | BK45: =if(V45<0,1+BK44,0) -> 0 | BL45: =if(W45<0,1+BL44,0) -> 1 | BM45: =if(X45<0,1+BM44,0) -> 0 | BO45: =if(U45>0,U45+BO44,0) -> 0 | BP45: =if(V45>0,V45+BP44,0) -> 24 | BQ45: =if(W45>0,W45+BQ44,0) -> 0 | BR45: =if(X45>0,X45+BR44,0) -> 336 | BT45: =if(U45<0,U45+BT44,0) -> -56 | BU45: =if(V45<0,V45+BU44,0) -> 0 | BV45: =if(W45<0,W45+BV44,0) -> -24 | BW45: =if(X45<0,X45+BW44,0) -> 0
A46: 8 | B46: ='08_3-11-2018'!A39 -> 36 | C46: ='08_3-11-2018'!B39 -> 12 | D46: ='08_3-11-2018'!D39 -> -260 | E46: ='08_3-11-2018'!C39 -> -140 | F46: ='08_3-11-2018'!E39 -> 388 | G46: ='08_3-11-2018'!F39 -> 0 | H46: ='08_3-11-2018'!G39 -> Peter | J46: ='08_3-11-2018'!H39 -> Christian | K46: ='08_3-11-2018'!I39 -> Ren Sol | N46: Ren sol | U46: =C46-C45 -> 16 | V46: =D46-D45 -> -48 | W46: =E46-E45 -> 16 | X46: =F46-F45 -> 16 | AB46: =IF(AB$3=$H46,U46,"") | AC46: =IF(AC$3=$H46,V46,"") -> -48 | AD46: =IF(AD$3=$H46,W46,"") | AE46: =IF(AE$3=$H46,X46,"") | AH46: =MAXIFS(AB46:AE46,AB46:AE46, ">-1") -> 0 | AI46: =MINIFS(AB46:AE46,AB46:AE46, "<0") -> -48 | AK46: =IF(U46>0,AK$3,"") -> Thomas | AL46: =IF(V46>0,AL$3,"") | AM46: =IF(W46>0,AM$3,"") -> Janus | AN46: =IF(X46>0,AN$3,"") -> Christian | AO46: =COUNTif(AK46:AN46,">0"&"*") -> 3 | AP46: =H46 -> Peter | AQ46: =IFERROR(__xludf.DUMMYFUNCTION("IFNA(QUERY(transpose(AY46:BB46),""Select Col1 where Col1 is not null limit 1"",0))"),"") | AS46: =IF(AK46=AS$3,"",AS$3) | AT46: =IF(AL46=AT$3,"",AT$3) -> Peter | AU46: =IF(AM46=AU$3,"",AU$3) | AV46: =IF(AN46=AV$3,"",AV$3) | AW46: =COUNTif(AS46:AV46,">0"&"*") -> 1 | AX46: =sum(AB46:AE46) -> -48 | AY46: =IFNA(IFS(AY$3=$AP46,"",$AX46=U46,AY$3),"") | AZ46: =IFNA(IFS(AZ$3=$AP46,"",$AX46=V46,AZ$3),"") | BA46: =IFNA(IFS(BA$3=$AP46,"",$AX46=W46,BA$3),"") | BB46: =IFNA(IFS(BB$3=$AP46,"",$AX46=X46,BB$3),"") | BC46: =OFFSET('00_Regnskab_01'!$A$1,MATCH(A46,'00_Regnskab_01'!$A$1:$A$25)-1,2) -> 43407 | BE46: =if(U46>0,1+BE45,0) -> 1 | BF46: =if(V46>0,1+BF45,0) -> 0 | BG46: =if(W46>0,1+BG45,0) -> 1 | BH46: =if(X46>0,1+BH45,0) -> 12 | BJ46: =if(U46<0,1+BJ45,0) -> 0 | BK46: =if(V46<0,1+BK45,0) -> 1 | BL46: =if(W46<0,1+BL45,0) -> 0 | BM46: =if(X46<0,1+BM45,0) -> 0 | BO46: =if(U46>0,U46+BO45,0) -> 16 | BP46: =if(V46>0,V46+BP45,0) -> 0 | BQ46: =if(W46>0,W46+BQ45,0) -> 16 | BR46: =if(X46>0,X46+BR45,0) -> 352 | BT46: =if(U46<0,U46+BT45,0) -> 0 | BU46: =if(V46<0,V46+BU45,0) -> -48 | BV46: =if(W46<0,W46+BV45,0) -> 0 | BW46: =if(X46<0,X46+BW45,0) -> 0
A47: 8 | B47: ='08_3-11-2018'!A40 -> 37 | C47: ='08_3-11-2018'!B40 -> 36 | D47: ='08_3-11-2018'!D40 -> -284 | E47: ='08_3-11-2018'!C40 -> -116 | F47: ='08_3-11-2018'!E40 -> 364 | G47: ='08_3-11-2018'!F40 -> 0 | H47: ='08_3-11-2018'!G40 -> Thomas | J47: ='08_3-11-2018'!H40 -> Peter | K47: ='08_3-11-2018'!I40 -> 9 vip i 2. | M47: 9 | N47: Vip | O47: 2 | U47: =C47-C46 -> 24 | V47: =D47-D46 -> -24 | W47: =E47-E46 -> 24 | X47: =F47-F46 -> -24 | AB47: =IF(AB$3=$H47,U47,"") -> 24 | AC47: =IF(AC$3=$H47,V47,"") | AD47: =IF(AD$3=$H47,W47,"") | AE47: =IF(AE$3=$H47,X47,"") | AH47: =MAXIFS(AB47:AE47,AB47:AE47, ">-1") -> 24 | AI47: =MINIFS(AB47:AE47,AB47:AE47, "<0") -> 0 | AK47: =IF(U47>0,AK$3,"") -> Thomas | AL47: =IF(V47>0,AL$3,"") | AM47: =IF(W47>0,AM$3,"") -> Janus | AN47: =IF(X47>0,AN$3,"") | AO47: =COUNTif(AK47:AN47,">0"&"*") -> 2 | AP47: =H47 -> Thomas | AQ47: =IFERROR(__xludf.DUMMYFUNCTION("IFNA(QUERY(transpose(AY47:BB47),""Select Col1 where Col1 is not null limit 1"",0))"),"Janus") -> Janus | AS47: =IF(AK47=AS$3,"",AS$3) | AT47: =IF(AL47=AT$3,"",AT$3) -> Peter | AU47: =IF(AM47=AU$3,"",AU$3) | AV47: =IF(AN47=AV$3,"",AV$3) -> Christian | AW47: =COUNTif(AS47:AV47,">0"&"*") -> 2 | AX47: =sum(AB47:AE47) -> 24 | AY47: =IFNA(IFS(AY$3=$AP47,"",$AX47=U47,AY$3),"") | AZ47: =IFNA(IFS(AZ$3=$AP47,"",$AX47=V47,AZ$3),"") | BA47: =IFNA(IFS(BA$3=$AP47,"",$AX47=W47,BA$3),"") -> Janus | BB47: =IFNA(IFS(BB$3=$AP47,"",$AX47=X47,BB$3),"") | BC47: =OFFSET('00_Regnskab_01'!$A$1,MATCH(A47,'00_Regnskab_01'!$A$1:$A$25)-1,2) -> 43407 | BE47: =if(U47>0,1+BE46,0) -> 2 | BF47: =if(V47>0,1+BF46,0) -> 0 | BG47: =if(W47>0,1+BG46,0) -> 2 | BH47: =if(X47>0,1+BH46,0) -> 0 | BJ47: =if(U47<0,1+BJ46,0) -> 0 | BK47: =if(V47<0,1+BK46,0) -> 2 | BL47: =if(W47<0,1+BL46,0) -> 0 | BM47: =if(X47<0,1+BM46,0) -> 1 | BO47: =if(U47>0,U47+BO46,0) -> 40 | BP47: =if(V47>0,V47+BP46,0) -> 0 | BQ47: =if(W47>0,W47+BQ46,0) -> 40 | BR47: =if(X47>0,X47+BR46,0) -> 0 | BT47: =if(U47<0,U47+BT46,0) -> 0 | BU47: =if(V47<0,V47+BU46,0) -> -72 | BV47: =if(W47<0,W47+BV46,0) -> 0 | BW47: =if(X47<0,X47+BW46,0) -> -24
A48: 8 | B48: ='08_3-11-2018'!A41 -> 38 | C48: ='08_3-11-2018'!B41 -> 20 | D48: ='08_3-11-2018'!D41 -> -300 | E48: ='08_3-11-2018'!C41 -> -100 | F48: ='08_3-11-2018'!E41 -> 380 | G48: ='08_3-11-2018'!F41 -> 0 | H48: ='08_3-11-2018'!G41 -> Peter | J48: ='08_3-11-2018'!H41 -> Janus | K48: ='08_3-11-2018'!I41 -> 10 sans | M48: 10 | N48: Sans | U48: =C48-C47 -> -16 | V48: =D48-D47 -> -16 | W48: =E48-E47 -> 16 | X48: =F48-F47 -> 16 | AB48: =IF(AB$3=$H48,U48,"") | AC48: =IF(AC$3=$H48,V48,"") -> -16 | AD48: =IF(AD$3=$H48,W48,"") | AE48: =IF(AE$3=$H48,X48,"") | AH48: =MAXIFS(AB48:AE48,AB48:AE48, ">-1") -> 0 | AI48: =MINIFS(AB48:AE48,AB48:AE48, "<0") -> -16 | AK48: =IF(U48>0,AK$3,"") | AL48: =IF(V48>0,AL$3,"") | AM48: =IF(W48>0,AM$3,"") -> Janus | AN48: =IF(X48>0,AN$3,"") -> Christian | AO48: =COUNTif(AK48:AN48,">0"&"*") -> 2 | AP48: =H48 -> Peter | AQ48: =IFERROR(__xludf.DUMMYFUNCTION("IFNA(QUERY(transpose(AY48:BB48),""Select Col1 where Col1 is not null limit 1"",0))"),"Thomas") -> Thomas | AS48: =IF(AK48=AS$3,"",AS$3) -> Thomas | AT48: =IF(AL48=AT$3,"",AT$3) -> Peter | AU48: =IF(AM48=AU$3,"",AU$3) | AV48: =IF(AN48=AV$3,"",AV$3) | AW48: =COUNTif(AS48:AV48,">0"&"*") -> 2 | AX48: =sum(AB48:AE48) -> -16 | AY48: =IFNA(IFS(AY$3=$AP48,"",$AX48=U48,AY$3),"") -> Thomas | AZ48: =IFNA(IFS(AZ$3=$AP48,"",$AX48=V48,AZ$3),"") | BA48: =IFNA(IFS(BA$3=$AP48,"",$AX48=W48,BA$3),"") | BB48: =IFNA(IFS(BB$3=$AP48,"",$AX48=X48,BB$3),"") | BC48: =OFFSET('00_Regnskab_01'!$A$1,MATCH(A48,'00_Regnskab_01'!$A$1:$A$25)-1,2) -> 43407 | BE48: =if(U48>0,1+BE47,0) -> 0 | BF48: =if(V48>0,1+BF47,0) -> 0 | BG48: =if(W48>0,1+BG47,0) -> 3 | BH48: =if(X48>0,1+BH47,0) -> 1 | BJ48: =if(U48<0,1+BJ47,0) -> 1 | BK48: =if(V48<0,1+BK47,0) -> 3 | BL48: =if(W48<0,1+BL47,0) -> 0 | BM48: =if(X48<0,1+BM47,0) -> 0 | BO48: =if(U48>0,U48+BO47,0) -> 0 | BP48: =if(V48>0,V48+BP47,0) -> 0 | BQ48: =if(W48>0,W48+BQ47,0) -> 56 | BR48: =if(X48>0,X48+BR47,0) -> 16 | BT48: =if(U48<0,U48+BT47,0) -> -16 | BU48: =if(V48<0,V48+BU47,0) -> -88 | BV48: =if(W48<0,W48+BV47,0) -> 0 | BW48: =if(X48<0,X48+BW47,0) -> 0
A49: 8 | B49: ='08_3-11-2018'!A42 -> 39 | C49: ='08_3-11-2018'!B42 -> -4 | D49: ='08_3-11-2018'!D42 -> -276 | E49: ='08_3-11-2018'!C42 -> -124 | F49: ='08_3-11-2018'!E42 -> 404 | G49: ='08_3-11-2018'!F42 -> 0 | H49: ='08_3-11-2018'!G42 -> Thomas | J49: ='08_3-11-2018'!H42 -> Thomas | K49: ='08_3-11-2018'!I42 -> 10 gode | M49: 10 | N49: Gode | U49: =C49-C48 -> -24 | V49: =D49-D48 -> 24 | W49: =E49-E48 -> -24 | X49: =F49-F48 -> 24 | AB49: =IF(AB$3=$H49,U49,"") -> -24 | AC49: =IF(AC$3=$H49,V49,"") | AD49: =IF(AD$3=$H49,W49,"") | AE49: =IF(AE$3=$H49,X49,"") | AH49: =MAXIFS(AB49:AE49,AB49:AE49, ">-1") -> 0 | AI49: =MINIFS(AB49:AE49,AB49:AE49, "<0") -> -24 | AK49: =IF(U49>0,AK$3,"") | AL49: =IF(V49>0,AL$3,"") -> Peter | AM49: =IF(W49>0,AM$3,"") | AN49: =IF(X49>0,AN$3,"") -> Christian | AO49: =COUNTif(AK49:AN49,">0"&"*") -> 2 | AP49: =H49 -> Thomas | AQ49: =IFERROR(__xludf.DUMMYFUNCTION("IFNA(QUERY(transpose(AY49:BB49),""Select Col1 where Col1 is not null limit 1"",0))"),"Janus") -> Janus | AS49: =IF(AK49=AS$3,"",AS$3) -> Thomas | AT49: =IF(AL49=AT$3,"",AT$3) | AU49: =IF(AM49=AU$3,"",AU$3) -> Janus | AV49: =IF(AN49=AV$3,"",AV$3) | AW49: =COUNTif(AS49:AV49,">0"&"*") -> 2 | AX49: =sum(AB49:AE49) -> -24 | AY49: =IFNA(IFS(AY$3=$AP49,"",$AX49=U49,AY$3),"") | AZ49: =IFNA(IFS(AZ$3=$AP49,"",$AX49=V49,AZ$3),"") | BA49: =IFNA(IFS(BA$3=$AP49,"",$AX49=W49,BA$3),"") -> Janus | BB49: =IFNA(IFS(BB$3=$AP49,"",$AX49=X49,BB$3),"") | BC49: =OFFSET('00_Regnskab_01'!$A$1,MATCH(A49,'00_Regnskab_01'!$A$1:$A$25)-1,2) -> 43407 | BE49: =if(U49>0,1+BE48,0) -> 0 | BF49: =if(V49>0,1+BF48,0) -> 1 | BG49: =if(W49>0,1+BG48,0) -> 0 | BH49: =if(X49>0,1+BH48,0) -> 2 | BJ49: =if(U49<0,1+BJ48,0) -> 2 | BK49: =if(V49<0,1+BK48,0) -> 0 | BL49: =if(W49<0,1+BL48,0) -> 1 | BM49: =if(X49<0,1+BM48,0) -> 0 | BO49: =if(U49>0,U49+BO48,0) -> 0 | BP49: =if(V49>0,V49+BP48,0) -> 24 | BQ49: =if(W49>0,W49+BQ48,0) -> 0 | BR49: =if(X49>0,X49+BR48,0) -> 40 | BT49: =if(U49<0,U49+BT48,0) -> -40 | BU49: =if(V49<0,V49+BU48,0) -> 0 | BV49: =if(W49<0,W49+BV48,0) -> -24 | BW49: =if(X49<0,X49+BW48,0) -> 0
A50: 8 | B50: ='08_3-11-2018'!A43 -> 40 | C50: ='08_3-11-2018'!B43 -> -52 | D50: ='08_3-11-2018'!D43 -> -228 | E50: ='08_3-11-2018'!C43 -> -76 | F50: ='08_3-11-2018'!E43 -> 356 | G50: ='08_3-11-2018'!F43 -> 0 | H50: ='08_3-11-2018'!G43 -> Thomas | J50: ='08_3-11-2018'!H43 -> Christian | K50: ='08_3-11-2018'!I43 -> 9 vip 2. | M50: 9 | N50: Vip | O50: 2 | U50: =C50-C49 -> -48 | V50: =D50-D49 -> 48 | W50: =E50-E49 -> 48 | X50: =F50-F49 -> -48 | AB50: =IF(AB$3=$H50,U50,"") -> -48 | AC50: =IF(AC$3=$H50,V50,"") | AD50: =IF(AD$3=$H50,W50,"") | AE50: =IF(AE$3=$H50,X50,"") | AH50: =MAXIFS(AB50:AE50,AB50:AE50, ">-1") -> 0 | AI50: =MINIFS(AB50:AE50,AB50:AE50, "<0") -> -48 | AK50: =IF(U50>0,AK$3,"") | AL50: =IF(V50>0,AL$3,"") -> Peter | AM50: =IF(W50>0,AM$3,"") -> Janus | AN50: =IF(X50>0,AN$3,"") | AO50: =COUNTif(AK50:AN50,">0"&"*") -> 2 | AP50: =H50 -> Thomas | AQ50: =IFERROR(__xludf.DUMMYFUNCTION("IFNA(QUERY(transpose(AY50:BB50),""Select Col1 where Col1 is not null limit 1"",0))"),"Christian") -> Christian | AS50: =IF(AK50=AS$3,"",AS$3) -> Thomas | AT50: =IF(AL50=AT$3,"",AT$3) | AU50: =IF(AM50=AU$3,"",AU$3) | AV50: =IF(AN50=AV$3,"",AV$3) -> Christian | AW50: =COUNTif(AS50:AV50,">0"&"*") -> 2 | AX50: =sum(AB50:AE50) -> -48 | AY50: =IFNA(IFS(AY$3=$AP50,"",$AX50=U50,AY$3),"") | AZ50: =IFNA(IFS(AZ$3=$AP50,"",$AX50=V50,AZ$3),"") | BA50: =IFNA(IFS(BA$3=$AP50,"",$AX50=W50,BA$3),"") | BB50: =IFNA(IFS(BB$3=$AP50,"",$AX50=X50,BB$3),"") -> Christian | BC50: =OFFSET('00_Regnskab_01'!$A$1,MATCH(A50,'00_Regnskab_01'!$A$1:$A$25)-1,2) -> 43407 | BE50: =if(U50>0,1+BE49,0) -> 0 | BF50: =if(V50>0,1+BF49,0) -> 2 | BG50: =if(W50>0,1+BG49,0) -> 1 | BH50: =if(X50>0,1+BH49,0) -> 0 | BJ50: =if(U50<0,1+BJ49,0) -> 3 | BK50: =if(V50<0,1+BK49,0) -> 0 | BL50: =if(W50<0,1+BL49,0) -> 0 | BM50: =if(X50<0,1+BM49,0) -> 1 | BO50: =if(U50>0,U50+BO49,0) -> 0 | BP50: =if(V50>0,V50+BP49,0) -> 72 | BQ50: =if(W50>0,W50+BQ49,0) -> 48 | BR50: =if(X50>0,X50+BR49,0) -> 0 | BT50: =if(U50<0,U50+BT49,0) -> -88 | BU50: =if(V50<0,V50+BU49,0) -> 0 | BV50: =if(W50<0,W50+BV49,0) -> 0 | BW50: =if(X50<0,X50+BW49,0) -> -48
A51: 8 | B51: ='08_3-11-2018'!A44 -> 41 | C51: ='08_3-11-2018'!B44 -> -84 | D51: ='08_3-11-2018'!D44 -> -196 | E51: ='08_3-11-2018'!C44 -> -108 | F51: ='08_3-11-2018'!E44 -> 388 | G51: ='08_3-11-2018'!F44 -> 0 | H51: ='08_3-11-2018'!G44 -> Christian | J51: ='08_3-11-2018'!H44 -> Peter | K51: ='08_3-11-2018'!I44 -> 10 halve | M51: 10 | N51: Halve | U51: =C51-C50 -> -32 | V51: =D51-D50 -> 32 | W51: =E51-E50 -> -32 | X51: =F51-F50 -> 32 | AB51: =IF(AB$3=$H51,U51,"") | AC51: =IF(AC$3=$H51,V51,"") | AD51: =IF(AD$3=$H51,W51,"") | AE51: =IF(AE$3=$H51,X51,"") -> 32 | AH51: =MAXIFS(AB51:AE51,AB51:AE51, ">-1") -> 32 | AI51: =MINIFS(AB51:AE51,AB51:AE51, "<0") -> 0 | AK51: =IF(U51>0,AK$3,"") | AL51: =IF(V51>0,AL$3,"") -> Peter | AM51: =IF(W51>0,AM$3,"") | AN51: =IF(X51>0,AN$3,"") -> Christian | AO51: =COUNTif(AK51:AN51,">0"&"*") -> 2 | AP51: =H51 -> Christian | AQ51: =IFERROR(__xludf.DUMMYFUNCTION("IFNA(QUERY(transpose(AY51:BB51),""Select Col1 where Col1 is not null limit 1"",0))"),"Peter") -> Peter | AS51: =IF(AK51=AS$3,"",AS$3) -> Thomas | AT51: =IF(AL51=AT$3,"",AT$3) | AU51: =IF(AM51=AU$3,"",AU$3) -> Janus | AV51: =IF(AN51=AV$3,"",AV$3) | AW51: =COUNTif(AS51:AV51,">0"&"*") -> 2 | AX51: =sum(AB51:AE51) -> 32 | AY51: =IFNA(IFS(AY$3=$AP51,"",$AX51=U51,AY$3),"") | AZ51: =IFNA(IFS(AZ$3=$AP51,"",$AX51=V51,AZ$3),"") -> Peter | BA51: =IFNA(IFS(BA$3=$AP51,"",$AX51=W51,BA$3),"") | BB51: =IFNA(IFS(BB$3=$AP51,"",$AX51=X51,BB$3),"") | BC51: =OFFSET('00_Regnskab_01'!$A$1,MATCH(A51,'00_Regnskab_01'!$A$1:$A$25)-1,2) -> 43407 | BE51: =if(U51>0,1+BE50,0) -> 0 | BF51: =if(V51>0,1+BF50,0) -> 3 | BG51: =if(W51>0,1+BG50,0) -> 0 | BH51: =if(X51>0,1+BH50,0) -> 1 | BJ51: =if(U51<0,1+BJ50,0) -> 4 | BK51: =if(V51<0,1+BK50,0) -> 0 | BL51: =if(W51<0,1+BL50,0) -> 1 | BM51: =if(X51<0,1+BM50,0) -> 0 | BO51: =if(U51>0,U51+BO50,0) -> 0 | BP51: =if(V51>0,V51+BP50,0) -> 104 | BQ51: =if(W51>0,W51+BQ50,0) -> 0 | BR51: =if(X51>0,X51+BR50,0) -> 32 | BT51: =if(U51<0,U51+BT50,0) -> -120 | BU51: =if(V51<0,V51+BU50,0) -> 0 | BV51: =if(W51<0,W51+BV50,0) -> -32 | BW51: =if(X51<0,X51+BW50,0) -> 0
A52: 8 | B52: ='08_3-11-2018'!A45 -> 42 | C52: ='08_3-11-2018'!B45 -> -92 | D52: ='08_3-11-2018'!D45 -> -204 | E52: ='08_3-11-2018'!C45 -> -84 | F52: ='08_3-11-2018'!E45 -> 380 | G52: ='08_3-11-2018'!F45 -> 0 | H52: ='08_3-11-2018'!G45 -> Janus | J52: ='08_3-11-2018'!H45 -> Janus | K52: ='08_3-11-2018'!I45 -> Sol | N52: Sol | U52: =C52-C51 -> -8 | V52: =D52-D51 -> -8 | W52: =E52-E51 -> 24 | X52: =F52-F51 -> -8 | AB52: =IF(AB$3=$H52,U52,"") | AC52: =IF(AC$3=$H52,V52,"") | AD52: =IF(AD$3=$H52,W52,"") -> 24 | AE52: =IF(AE$3=$H52,X52,"") | AH52: =MAXIFS(AB52:AE52,AB52:AE52, ">-1") -> 24 | AI52: =MINIFS(AB52:AE52,AB52:AE52, "<0") -> 0 | AK52: =IF(U52>0,AK$3,"") | AL52: =IF(V52>0,AL$3,"") | AM52: =IF(W52>0,AM$3,"") -> Janus | AN52: =IF(X52>0,AN$3,"") | AO52: =COUNTif(AK52:AN52,">0"&"*") -> 1 | AP52: =H52 -> Janus | AQ52: =IFERROR(__xludf.DUMMYFUNCTION("IFNA(QUERY(transpose(AY52:BB52),""Select Col1 where Col1 is not null limit 1"",0))"),"") | AS52: =IF(AK52=AS$3,"",AS$3) -> Thomas | AT52: =IF(AL52=AT$3,"",AT$3) -> Peter | AU52: =IF(AM52=AU$3,"",AU$3) | AV52: =IF(AN52=AV$3,"",AV$3) -> Christian | AW52: =COUNTif(AS52:AV52,">0"&"*") -> 3 | AX52: =sum(AB52:AE52) -> 24 | AY52: =IFNA(IFS(AY$3=$AP52,"",$AX52=U52,AY$3),"") | AZ52: =IFNA(IFS(AZ$3=$AP52,"",$AX52=V52,AZ$3),"") | BA52: =IFNA(IFS(BA$3=$AP52,"",$AX52=W52,BA$3),"") | BB52: =IFNA(IFS(BB$3=$AP52,"",$AX52=X52,BB$3),"") | BC52: =OFFSET('00_Regnskab_01'!$A$1,MATCH(A52,'00_Regnskab_01'!$A$1:$A$25)-1,2) -> 43407 | BE52: =if(U52>0,1+BE51,0) -> 0 | BF52: =if(V52>0,1+BF51,0) -> 0 | BG52: =if(W52>0,1+BG51,0) -> 1 | BH52: =if(X52>0,1+BH51,0) -> 0 | BJ52: =if(U52<0,1+BJ51,0) -> 5 | BK52: =if(V52<0,1+BK51,0) -> 1 | BL52: =if(W52<0,1+BL51,0) -> 0 | BM52: =if(X52<0,1+BM51,0) -> 1 | BO52: =if(U52>0,U52+BO51,0) -> 0 | BP52: =if(V52>0,V52+BP51,0) -> 0 | BQ52: =if(W52>0,W52+BQ51,0) -> 24 | BR52: =if(X52>0,X52+BR51,0) -> 0 | BT52: =if(U52<0,U52+BT51,0) -> -128 | BU52: =if(V52<0,V52+BU51,0) -> -8 | BV52: =if(W52<0,W52+BV51,0) -> 0 | BW52: =if(X52<0,X52+BW51,0) -> -8
A53: 8 | B53: ='08_3-11-2018'!A46 -> 43 | C53: ='08_3-11-2018'!B46 -> -84 | D53: ='08_3-11-2018'!D46 -> -196 | E53: ='08_3-11-2018'!C46 -> -76 | F53: ='08_3-11-2018'!E46 -> 356 | G53: ='08_3-11-2018'!F46 -> 0 | H53: ='08_3-11-2018'!G46 -> Christian | J53: ='08_3-11-2018'!H46 -> Thomas | K53: ='08_3-11-2018'!I46 -> Sol | N53: Sol | U53: =C53-C52 -> 8 | V53: =D53-D52 -> 8 | W53: =E53-E52 -> 8 | X53: =F53-F52 -> -24 | AB53: =IF(AB$3=$H53,U53,"") | AC53: =IF(AC$3=$H53,V53,"") | AD53: =IF(AD$3=$H53,W53,"") | AE53: =IF(AE$3=$H53,X53,"") -> -24 | AH53: =MAXIFS(AB53:AE53,AB53:AE53, ">-1") -> 0 | AI53: =MINIFS(AB53:AE53,AB53:AE53, "<0") -> -24 | AK53: =IF(U53>0,AK$3,"") -> Thomas | AL53: =IF(V53>0,AL$3,"") -> Peter | AM53: =IF(W53>0,AM$3,"") -> Janus | AN53: =IF(X53>0,AN$3,"") | AO53: =COUNTif(AK53:AN53,">0"&"*") -> 3 | AP53: =H53 -> Christian | AQ53: =IFERROR(__xludf.DUMMYFUNCTION("IFNA(QUERY(transpose(AY53:BB53),""Select Col1 where Col1 is not null limit 1"",0))"),"") | AS53: =IF(AK53=AS$3,"",AS$3) | AT53: =IF(AL53=AT$3,"",AT$3) | AU53: =IF(AM53=AU$3,"",AU$3) | AV53: =IF(AN53=AV$3,"",AV$3) -> Christian | AW53: =COUNTif(AS53:AV53,">0"&"*") -> 1 | AX53: =sum(AB53:AE53) -> -24 | AY53: =IFNA(IFS(AY$3=$AP53,"",$AX53=U53,AY$3),"") | AZ53: =IFNA(IFS(AZ$3=$AP53,"",$AX53=V53,AZ$3),"") | BA53: =IFNA(IFS(BA$3=$AP53,"",$AX53=W53,BA$3),"") | BB53: =IFNA(IFS(BB$3=$AP53,"",$AX53=X53,BB$3),"") | BC53: =OFFSET('00_Regnskab_01'!$A$1,MATCH(A53,'00_Regnskab_01'!$A$1:$A$25)-1,2) -> 43407 | BE53: =if(U53>0,1+BE52,0) -> 1 | BF53: =if(V53>0,1+BF52,0) -> 1 | BG53: =if(W53>0,1+BG52,0) -> 2 | BH53: =if(X53>0,1+BH52,0) -> 0 | BJ53: =if(U53<0,1+BJ52,0) -> 0 | BK53: =if(V53<0,1+BK52,0) -> 0 | BL53: =if(W53<0,1+BL52,0) -> 0 | BM53: =if(X53<0,1+BM52,0) -> 2 | BO53: =if(U53>0,U53+BO52,0) -> 8 | BP53: =if(V53>0,V53+BP52,0) -> 8 | BQ53: =if(W53>0,W53+BQ52,0) -> 32 | BR53: =if(X53>0,X53+BR52,0) -> 0 | BT53: =if(U53<0,U53+BT52,0) -> 0 | BU53: =if(V53<0,V53+BU52,0) -> 0 | BV53: =if(W53<0,W53+BV52,0) -> 0 | BW53: =if(X53<0,X53+BW52,0) -> -32
A54: 8 | B54: ='08_3-11-2018'!A47 -> 44 | C54: ='08_3-11-2018'!B47 -> -72 | D54: ='08_3-11-2018'!D47 -> -184 | E54: ='08_3-11-2018'!C47 -> -88 | F54: ='08_3-11-2018'!E47 -> 344 | G54: ='08_3-11-2018'!F47 -> 0 | H54: ='08_3-11-2018'!G47 -> Janus | J54: ='08_3-11-2018'!H47 -> Christian | K54: ='08_3-11-2018'!I47 -> 10 alm | M54: 10 | N54: Alm | U54: =C54-C53 -> 12 | V54: =D54-D53 -> 12 | W54: =E54-E53 -> -12 | X54: =F54-F53 -> -12 | AB54: =IF(AB$3=$H54,U54,"") | AC54: =IF(AC$3=$H54,V54,"") | AD54: =IF(AD$3=$H54,W54,"") -> -12 | AE54: =IF(AE$3=$H54,X54,"") | AH54: =MAXIFS(AB54:AE54,AB54:AE54, ">-1") -> 0 | AI54: =MINIFS(AB54:AE54,AB54:AE54, "<0") -> -12 | AK54: =IF(U54>0,AK$3,"") -> Thomas | AL54: =IF(V54>0,AL$3,"") -> Peter | AM54: =IF(W54>0,AM$3,"") | AN54: =IF(X54>0,AN$3,"") | AO54: =COUNTif(AK54:AN54,">0"&"*") -> 2 | AP54: =H54 -> Janus | AQ54: =IFERROR(__xludf.DUMMYFUNCTION("IFNA(QUERY(transpose(AY54:BB54),""Select Col1 where Col1 is not null limit 1"",0))"),"Christian") -> Christian | AS54: =IF(AK54=AS$3,"",AS$3) | AT54: =IF(AL54=AT$3,"",AT$3) | AU54: =IF(AM54=AU$3,"",AU$3) -> Janus | AV54: =IF(AN54=AV$3,"",AV$3) -> Christian | AW54: =COUNTif(AS54:AV54,">0"&"*") -> 2 | AX54: =sum(AB54:AE54) -> -12 | AY54: =IFNA(IFS(AY$3=$AP54,"",$AX54=U54,AY$3),"") | AZ54: =IFNA(IFS(AZ$3=$AP54,"",$AX54=V54,AZ$3),"") | BA54: =IFNA(IFS(BA$3=$AP54,"",$AX54=W54,BA$3),"") | BB54: =IFNA(IFS(BB$3=$AP54,"",$AX54=X54,BB$3),"") -> Christian | BC54: =OFFSET('00_Regnskab_01'!$A$1,MATCH(A54,'00_Regnskab_01'!$A$1:$A$25)-1,2) -> 43407 | BE54: =if(U54>0,1+BE53,0) -> 2 | BF54: =if(V54>0,1+BF53,0) -> 2 | BG54: =if(W54>0,1+BG53,0) -> 0 | BH54: =if(X54>0,1+BH53,0) -> 0 | BJ54: =if(U54<0,1+BJ53,0) -> 0 | BK54: =if(V54<0,1+BK53,0) -> 0 | BL54: =if(W54<0,1+BL53,0) -> 1 | BM54: =if(X54<0,1+BM53,0) -> 3 | BO54: =if(U54>0,U54+BO53,0) -> 20 | BP54: =if(V54>0,V54+BP53,0) -> 20 | BQ54: =if(W54>0,W54+BQ53,0) -> 0 | BR54: =if(X54>0,X54+BR53,0) -> 0 | BT54: =if(U54<0,U54+BT53,0) -> 0 | BU54: =if(V54<0,V54+BU53,0) -> 0 | BV54: =if(W54<0,W54+BV53,0) -> -12 | BW54: =if(X54<0,X54+BW53,0) -> -44
A55: 8 | B55: ='08_3-11-2018'!A48 -> 45 | C55: ='08_3-11-2018'!B48 -> -56 | D55: ='08_3-11-2018'!D48 -> -168 | E55: ='08_3-11-2018'!C48 -> -136 | F55: ='08_3-11-2018'!E48 -> 360 | G55: ='08_3-11-2018'!F48 -> 0 | H55: ='08_3-11-2018'!G48 -> Janus | J55: ='08_3-11-2018'!H48 -> Peter | K55: ='08_3-11-2018'!I48 -> Ren Sol | N55: Ren sol | U55: =C55-C54 -> 16 | V55: =D55-D54 -> 16 | W55: =E55-E54 -> -48 | X55: =F55-F54 -> 16 | AB55: =IF(AB$3=$H55,U55,"") | AC55: =IF(AC$3=$H55,V55,"") | AD55: =IF(AD$3=$H55,W55,"") -> -48 | AE55: =IF(AE$3=$H55,X55,"") | AH55: =MAXIFS(AB55:AE55,AB55:AE55, ">-1") -> 0 | AI55: =MINIFS(AB55:AE55,AB55:AE55, "<0") -> -48 | AK55: =IF(U55>0,AK$3,"") -> Thomas | AL55: =IF(V55>0,AL$3,"") -> Peter | AM55: =IF(W55>0,AM$3,"") | AN55: =IF(X55>0,AN$3,"") -> Christian | AO55: =COUNTif(AK55:AN55,">0"&"*") -> 3 | AP55: =H55 -> Janus | AQ55: =IFERROR(__xludf.DUMMYFUNCTION("IFNA(QUERY(transpose(AY55:BB55),""Select Col1 where Col1 is not null limit 1"",0))"),"") | AS55: =IF(AK55=AS$3,"",AS$3) | AT55: =IF(AL55=AT$3,"",AT$3) | AU55: =IF(AM55=AU$3,"",AU$3) -> Janus | AV55: =IF(AN55=AV$3,"",AV$3) | AW55: =COUNTif(AS55:AV55,">0"&"*") -> 1 | AX55: =sum(AB55:AE55) -> -48 | AY55: =IFNA(IFS(AY$3=$AP55,"",$AX55=U55,AY$3),"") | AZ55: =IFNA(IFS(AZ$3=$AP55,"",$AX55=V55,AZ$3),"") | BA55: =IFNA(IFS(BA$3=$AP55,"",$AX55=W55,BA$3),"") | BB55: =IFNA(IFS(BB$3=$AP55,"",$AX55=X55,BB$3),"") | BC55: =OFFSET('00_Regnskab_01'!$A$1,MATCH(A55,'00_Regnskab_01'!$A$1:$A$25)-1,2) -> 43407 | BE55: =if(U55>0,1+BE54,0) -> 3 | BF55: =if(V55>0,1+BF54,0) -> 3 | BG55: =if(W55>0,1+BG54,0) -> 0 | BH55: =if(X55>0,1+BH54,0) -> 1 | BJ55: =if(U55<0,1+BJ54,0) -> 0 | BK55: =if(V55<0,1+BK54,0) -> 0 | BL55: =if(W55<0,1+BL54,0) -> 2 | BM55: =if(X55<0,1+BM54,0) -> 0 | BO55: =if(U55>0,U55+BO54,0) -> 36 | BP55: =if(V55>0,V55+BP54,0) -> 36 | BQ55: =if(W55>0,W55+BQ54,0) -> 0 | BR55: =if(X55>0,X55+BR54,0) -> 16 | BT55: =if(U55<0,U55+BT54,0) -> 0 | BU55: =if(V55<0,V55+BU54,0) -> 0 | BV55: =if(W55<0,W55+BV54,0) -> -60 | BW55: =if(X55<0,X55+BW54,0) -> 0
A56: 8 | B56: ='08_3-11-2018'!A49 -> 46 | C56: ='08_3-11-2018'!B49 -> -64 | D56: ='08_3-11-2018'!D49 -> -176 | E56: ='08_3-11-2018'!C49 -> -128 | F56: ='08_3-11-2018'!E49 -> 368 | G56: ='08_3-11-2018'!F49 -> 0 | H56: ='08_3-11-2018'!G49 -> Thomas | J56: ='08_3-11-2018'!H49 -> Janus | K56: ='08_3-11-2018'!I49 -> 9 vip 1. | M56: 9 | N56: Vip | O56: 1 | U56: =C56-C55 -> -8 | V56: =D56-D55 -> -8 | W56: =E56-E55 -> 8 | X56: =F56-F55 -> 8 | AB56: =IF(AB$3=$H56,U56,"") -> -8 | AC56: =IF(AC$3=$H56,V56,"") | AD56: =IF(AD$3=$H56,W56,"") | AE56: =IF(AE$3=$H56,X56,"") | AH56: =MAXIFS(AB56:AE56,AB56:AE56, ">-1") -> 0 | AI56: =MINIFS(AB56:AE56,AB56:AE56, "<0") -> -8 | AK56: =IF(U56>0,AK$3,"") | AL56: =IF(V56>0,AL$3,"") | AM56: =IF(W56>0,AM$3,"") -> Janus | AN56: =IF(X56>0,AN$3,"") -> Christian | AO56: =COUNTif(AK56:AN56,">0"&"*") -> 2 | AP56: =H56 -> Thomas | AQ56: =IFERROR(__xludf.DUMMYFUNCTION("IFNA(QUERY(transpose(AY56:BB56),""Select Col1 where Col1 is not null limit 1"",0))"),"Peter") -> Peter | AS56: =IF(AK56=AS$3,"",AS$3) -> Thomas | AT56: =IF(AL56=AT$3,"",AT$3) -> Peter | AU56: =IF(AM56=AU$3,"",AU$3) | AV56: =IF(AN56=AV$3,"",AV$3) | AW56: =COUNTif(AS56:AV56,">0"&"*") -> 2 | AX56: =sum(AB56:AE56) -> -8 | AY56: =IFNA(IFS(AY$3=$AP56,"",$AX56=U56,AY$3),"") | AZ56: =IFNA(IFS(AZ$3=$AP56,"",$AX56=V56,AZ$3),"") -> Peter | BA56: =IFNA(IFS(BA$3=$AP56,"",$AX56=W56,BA$3),"") | BB56: =IFNA(IFS(BB$3=$AP56,"",$AX56=X56,BB$3),"") | BC56: =OFFSET('00_Regnskab_01'!$A$1,MATCH(A56,'00_Regnskab_01'!$A$1:$A$25)-1,2) -> 43407 | BE56: =if(U56>0,1+BE55,0) -> 0 | BF56: =if(V56>0,1+BF55,0) -> 0 | BG56: =if(W56>0,1+BG55,0) -> 1 | BH56: =if(X56>0,1+BH55,0) -> 2 | BJ56: =if(U56<0,1+BJ55,0) -> 1 | BK56: =if(V56<0,1+BK55,0) -> 1 | BL56: =if(W56<0,1+BL55,0) -> 0 | BM56: =if(X56<0,1+BM55,0) -> 0 | BO56: =if(U56>0,U56+BO55,0) -> 0 | BP56: =if(V56>0,V56+BP55,0) -> 0 | BQ56: =if(W56>0,W56+BQ55,0) -> 8 | BR56: =if(X56>0,X56+BR55,0) -> 24 | BT56: =if(U56<0,U56+BT55,0) -> -8 | BU56: =if(V56<0,V56+BU55,0) -> -8 | BV56: =if(W56<0,W56+BV55,0) -> 0 | BW56: =if(X56<0,X56+BW55,0) -> 0
A57: 8 | B57: ='08_3-11-2018'!A50 -> 47 | C57: ='08_3-11-2018'!B50 -> -80 | D57: ='08_3-11-2018'!D50 -> -128 | E57: ='08_3-11-2018'!C50 -> -144 | F57: ='08_3-11-2018'!E50 -> 352 | G57: ='08_3-11-2018'!F50 -> 0 | H57: ='08_3-11-2018'!G50 -> Peter | J57: ='08_3-11-2018'!H50 -> Thomas | K57: ='08_3-11-2018'!I50 -> Ren Sol | N57: Ren sol | U57: =C57-C56 -> -16 | V57: =D57-D56 -> 48 | W57: =E57-E56 -> -16 | X57: =F57-F56 -> -16 | AB57: =IF(AB$3=$H57,U57,"") | AC57: =IF(AC$3=$H57,V57,"") -> 48 | AD57: =IF(AD$3=$H57,W57,"") | AE57: =IF(AE$3=$H57,X57,"") | AH57: =MAXIFS(AB57:AE57,AB57:AE57, ">-1") -> 48 | AI57: =MINIFS(AB57:AE57,AB57:AE57, "<0") -> 0 | AK57: =IF(U57>0,AK$3,"") | AL57: =IF(V57>0,AL$3,"") -> Peter | AM57: =IF(W57>0,AM$3,"") | AN57: =IF(X57>0,AN$3,"") | AO57: =COUNTif(AK57:AN57,">0"&"*") -> 1 | AP57: =H57 -> Peter | AQ57: =IFERROR(__xludf.DUMMYFUNCTION("IFNA(QUERY(transpose(AY57:BB57),""Select Col1 where Col1 is not null limit 1"",0))"),"") | AS57: =IF(AK57=AS$3,"",AS$3) -> Thomas | AT57: =IF(AL57=AT$3,"",AT$3) | AU57: =IF(AM57=AU$3,"",AU$3) -> Janus | AV57: =IF(AN57=AV$3,"",AV$3) -> Christian | AW57: =COUNTif(AS57:AV57,">0"&"*") -> 3 | AX57: =sum(AB57:AE57) -> 48 | AY57: =IFNA(IFS(AY$3=$AP57,"",$AX57=U57,AY$3),"") | AZ57: =IFNA(IFS(AZ$3=$AP57,"",$AX57=V57,AZ$3),"") | BA57: =IFNA(IFS(BA$3=$AP57,"",$AX57=W57,BA$3),"") | BB57: =IFNA(IFS(BB$3=$AP57,"",$AX57=X57,BB$3),"") | BC57: =OFFSET('00_Regnskab_01'!$A$1,MATCH(A57,'00_Regnskab_01'!$A$1:$A$25)-1,2) -> 43407 | BE57: =if(U57>0,1+BE56,0) -> 0 | BF57: =if(V57>0,1+BF56,0) -> 1 | BG57: =if(W57>0,1+BG56,0) -> 0 | BH57: =if(X57>0,1+BH56,0) -> 0 | BJ57: =if(U57<0,1+BJ56,0) -> 2 | BK57: =if(V57<0,1+BK56,0) -> 0 | BL57: =if(W57<0,1+BL56,0) -> 1 | BM57: =if(X57<0,1+BM56,0) -> 1 | BO57: =if(U57>0,U57+BO56,0) -> 0 | BP57: =if(V57>0,V57+BP56,0) -> 48 | BQ57: =if(W57>0,W57+BQ56,0) -> 0 | BR57: =if(X57>0,X57+BR56,0) -> 0 | BT57: =if(U57<0,U57+BT56,0) -> -24 | BU57: =if(V57<0,V57+BU56,0) -> 0 | BV57: =if(W57<0,W57+BV56,0) -> -16 | BW57: =if(X57<0,X57+BW56,0) -> -16
A58: 8 | B58: ='08_3-11-2018'!A51 -> 48 | C58: ='08_3-11-2018'!B51 -> -68 | D58: ='08_3-11-2018'!D51 -> -140 | E58: ='08_3-11-2018'!C51 -> -156 | F58: ='08_3-11-2018'!E51 -> 364 | G58: ='08_3-11-2018'!F51 -> 0 | H58: ='08_3-11-2018'!G51 -> Christian | J58: ='08_3-11-2018'!H51 -> Christian | K58: ='08_3-11-2018'!I51 -> 9 halve | M58: 9 | N58: Halve | U58: =C58-C57 -> 12 | V58: =D58-D57 -> -12 | W58: =E58-E57 -> -12 | X58: =F58-F57 -> 12 | AB58: =IF(AB$3=$H58,U58,"") | AC58: =IF(AC$3=$H58,V58,"") | AD58: =IF(AD$3=$H58,W58,"") | AE58: =IF(AE$3=$H58,X58,"") -> 12 | AH58: =MAXIFS(AB58:AE58,AB58:AE58, ">-1") -> 12 | AI58: =MINIFS(AB58:AE58,AB58:AE58, "<0") -> 0 | AK58: =IF(U58>0,AK$3,"") -> Thomas | AL58: =IF(V58>0,AL$3,"") | AM58: =IF(W58>0,AM$3,"") | AN58: =IF(X58>0,AN$3,"") -> Christian | AO58: =COUNTif(AK58:AN58,">0"&"*") -> 2 | AP58: =H58 -> Christian | AQ58: =IFERROR(__xludf.DUMMYFUNCTION("IFNA(QUERY(transpose(AY58:BB58),""Select Col1 where Col1 is not null limit 1"",0))"),"Thomas") -> Thomas | AS58: =IF(AK58=AS$3,"",AS$3) | AT58: =IF(AL58=AT$3,"",AT$3) -> Peter | AU58: =IF(AM58=AU$3,"",AU$3) -> Janus | AV58: =IF(AN58=AV$3,"",AV$3) | AW58: =COUNTif(AS58:AV58,">0"&"*") -> 2 | AX58: =sum(AB58:AE58) -> 12 | AY58: =IFNA(IFS(AY$3=$AP58,"",$AX58=U58,AY$3),"") -> Thomas | AZ58: =IFNA(IFS(AZ$3=$AP58,"",$AX58=V58,AZ$3),"") | BA58: =IFNA(IFS(BA$3=$AP58,"",$AX58=W58,BA$3),"") | BB58: =IFNA(IFS(BB$3=$AP58,"",$AX58=X58,BB$3),"") | BC58: =OFFSET('00_Regnskab_01'!$A$1,MATCH(A58,'00_Regnskab_01'!$A$1:$A$25)-1,2) -> 43407 | BE58: =if(U58>0,1+BE57,0) -> 1 | BF58: =if(V58>0,1+BF57,0) -> 0 | BG58: =if(W58>0,1+BG57,0) -> 0 | BH58: =if(X58>0,1+BH57,0) -> 1 | BJ58: =if(U58<0,1+BJ57,0) -> 0 | BK58: =if(V58<0,1+BK57,0) -> 1 | BL58: =if(W58<0,1+BL57,0) -> 2 | BM58: =if(X58<0,1+BM57,0) -> 0 | BO58: =if(U58>0,U58+BO57,0) -> 12 | BP58: =if(V58>0,V58+BP57,0) -> 0 | BQ58: =if(W58>0,W58+BQ57,0) -> 0 | BR58: =if(X58>0,X58+BR57,0) -> 12 | BT58: =if(U58<0,U58+BT57,0) -> 0 | BU58: =if(V58<0,V58+BU57,0) -> -12 | BV58: =if(W58<0,W58+BV57,0) -> -28 | BW58: =if(X58<0,X58+BW57,0) -> 0
A59: 8 | B59: ='08_3-11-2018'!A52 -> 49 | C59: ='08_3-11-2018'!B52 -> -84 | D59: ='08_3-11-2018'!D52 -> -92 | E59: ='08_3-11-2018'!C52 -> -172 | F59: ='08_3-11-2018'!E52 -> 348 | G59: ='08_3-11-2018'!F52 -> 0 | H59: ='08_3-11-2018'!G52 -> Peter | J59: ='08_3-11-2018'!H52 -> Peter | K59: ='08_3-11-2018'!I52 -> Ren Sol | N59: Ren sol | U59: =C59-C58 -> -16 | V59: =D59-D58 -> 48 | W59: =E59-E58 -> -16 | X59: =F59-F58 -> -16 | AB59: =IF(AB$3=$H59,U59,"") | AC59: =IF(AC$3=$H59,V59,"") -> 48 | AD59: =IF(AD$3=$H59,W59,"") | AE59: =IF(AE$3=$H59,X59,"") | AH59: =MAXIFS(AB59:AE59,AB59:AE59, ">-1") -> 48 | AI59: =MINIFS(AB59:AE59,AB59:AE59, "<0") -> 0 | AK59: =IF(U59>0,AK$3,"") | AL59: =IF(V59>0,AL$3,"") -> Peter | AM59: =IF(W59>0,AM$3,"") | AN59: =IF(X59>0,AN$3,"") | AO59: =COUNTif(AK59:AN59,">0"&"*") -> 1 | AP59: =H59 -> Peter | AQ59: =IFERROR(__xludf.DUMMYFUNCTION("IFNA(QUERY(transpose(AY59:BB59),""Select Col1 where Col1 is not null limit 1"",0))"),"") | AS59: =IF(AK59=AS$3,"",AS$3) -> Thomas | AT59: =IF(AL59=AT$3,"",AT$3) | AU59: =IF(AM59=AU$3,"",AU$3) -> Janus | AV59: =IF(AN59=AV$3,"",AV$3) -> Christian | AW59: =COUNTif(AS59:AV59,">0"&"*") -> 3 | AX59: =sum(AB59:AE59) -> 48 | AY59: =IFNA(IFS(AY$3=$AP59,"",$AX59=U59,AY$3),"") | AZ59: =IFNA(IFS(AZ$3=$AP59,"",$AX59=V59,AZ$3),"") | BA59: =IFNA(IFS(BA$3=$AP59,"",$AX59=W59,BA$3),"") | BB59: =IFNA(IFS(BB$3=$AP59,"",$AX59=X59,BB$3),"") | BC59: =OFFSET('00_Regnskab_01'!$A$1,MATCH(A59,'00_Regnskab_01'!$A$1:$A$25)-1,2) -> 43407 | BE59: =if(U59>0,1+BE58,0) -> 0 | BF59: =if(V59>0,1+BF58,0) -> 1 | BG59: =if(W59>0,1+BG58,0) -> 0 | BH59: =if(X59>0,1+BH58,0) -> 0 | BJ59: =if(U59<0,1+BJ58,0) -> 1 | BK59: =if(V59<0,1+BK58,0) -> 0 | BL59: =if(W59<0,1+BL58,0) -> 3 | BM59: =if(X59<0,1+BM58,0) -> 1 | BO59: =if(U59>0,U59+BO58,0) -> 0 | BP59: =if(V59>0,V59+BP58,0) -> 48 | BQ59: =if(W59>0,W59+BQ58,0) -> 0 | BR59: =if(X59>0,X59+BR58,0) -> 0 | BT59: =if(U59<0,U59+BT58,0) -> -16 | BU59: =if(V59<0,V59+BU58,0) -> 0 | BV59: =if(W59<0,W59+BV58,0) -> -44 | BW59: =if(X59<0,X59+BW58,0) -> -16
A60: 8 | B60: ='08_3-11-2018'!A53 -> 50 | C60: ='08_3-11-2018'!B53 -> -92 | D60: ='08_3-11-2018'!D53 -> -84 | E60: ='08_3-11-2018'!C53 -> -180 | F60: ='08_3-11-2018'!E53 -> 356 | G60: ='08_3-11-2018'!F53 -> 0 | H60: ='08_3-11-2018'!G53 -> Peter | J60: ='08_3-11-2018'!H53 -> Janus | K60: ='08_3-11-2018'!I53 -> 10 alm | M60: 10 | N60: Alm | U60: =C60-C59 -> -8 | V60: =D60-D59 -> 8 | W60: =E60-E59 -> -8 | X60: =F60-F59 -> 8 | AB60: =IF(AB$3=$H60,U60,"") | AC60: =IF(AC$3=$H60,V60,"") -> 8 | AD60: =IF(AD$3=$H60,W60,"") | AE60: =IF(AE$3=$H60,X60,"") | AH60: =MAXIFS(AB60:AE60,AB60:AE60, ">-1") -> 8 | AI60: =MINIFS(AB60:AE60,AB60:AE60, "<0") -> 0 | AK60: =IF(U60>0,AK$3,"") | AL60: =IF(V60>0,AL$3,"") -> Peter | AM60: =IF(W60>0,AM$3,"") | AN60: =IF(X60>0,AN$3,"") -> Christian | AO60: =COUNTif(AK60:AN60,">0"&"*") -> 2 | AP60: =H60 -> Peter | AQ60: =IFERROR(__xludf.DUMMYFUNCTION("IFNA(QUERY(transpose(AY60:BB60),""Select Col1 where Col1 is not null limit 1"",0))"),"Christian") -> Christian | AS60: =IF(AK60=AS$3,"",AS$3) -> Thomas | AT60: =IF(AL60=AT$3,"",AT$3) | AU60: =IF(AM60=AU$3,"",AU$3) -> Janus | AV60: =IF(AN60=AV$3,"",AV$3) | AW60: =COUNTif(AS60:AV60,">0"&"*") -> 2 | AX60: =sum(AB60:AE60) -> 8 | AY60: =IFNA(IFS(AY$3=$AP60,"",$AX60=U60,AY$3),"") | AZ60: =IFNA(IFS(AZ$3=$AP60,"",$AX60=V60,AZ$3),"") | BA60: =IFNA(IFS(BA$3=$AP60,"",$AX60=W60,BA$3),"") | BB60: =IFNA(IFS(BB$3=$AP60,"",$AX60=X60,BB$3),"") -> Christian | BC60: =OFFSET('00_Regnskab_01'!$A$1,MATCH(A60,'00_Regnskab_01'!$A$1:$A$25)-1,2) -> 43407 | BE60: =if(U60>0,1+BE59,0) -> 0 | BF60: =if(V60>0,1+BF59,0) -> 2 | BG60: =if(W60>0,1+BG59,0) -> 0 | BH60: =if(X60>0,1+BH59,0) -> 1 | BJ60: =if(U60<0,1+BJ59,0) -> 2 | BK60: =if(V60<0,1+BK59,0) -> 0 | BL60: =if(W60<0,1+BL59,0) -> 4 | BM60: =if(X60<0,1+BM59,0) -> 0 | BO60: =if(U60>0,U60+BO59,0) -> 0 | BP60: =if(V60>0,V60+BP59,0) -> 56 | BQ60: =if(W60>0,W60+BQ59,0) -> 0 | BR60: =if(X60>0,X60+BR59,0) -> 8 | BT60: =if(U60<0,U60+BT59,0) -> -24 | BU60: =if(V60<0,V60+BU59,0) -> 0 | BV60: =if(W60<0,W60+BV59,0) -> -52 | BW60: =if(X60<0,X60+BW59,0) -> 0
A61: 9 | B61: ='09_26-01-2019'!A4 -> 1 | C61: ='09_26-01-2019'!B4 -> 16 | D61: ='09_26-01-2019'!C4 -> -16 | E61: ='09_26-01-2019'!D4 -> 16 | F61: ='09_26-01-2019'!E4 -> -16 | G61: ='09_26-01-2019'!F4 -> 0 | H61: ='09_26-01-2019'!G4 -> Thomas | J61: ='09_26-01-2019'!H4 -> Christian | K61: ='09_26-01-2019'!I4 -> 9 vip i 2. | M61: 9 | N61: Vip | O61: 2 | U61: =C61 -> 16 | V61: =D61 -> -16 | W61: =E61 -> 16 | X61: =F61 -> -16 | AB61: =IF(AB$3=$H61,U61,"") -> 16 | AC61: =IF(AC$3=$H61,V61,"") | AD61: =IF(AD$3=$H61,W61,"") | AE61: =IF(AE$3=$H61,X61,"") | AH61: =MAXIFS(AB61:AE61,AB61:AE61, ">-1") -> 16 | AI61: =MINIFS(AB61:AE61,AB61:AE61, "<0") -> 0 | AK61: =IF(U61>0,AK$3,"") -> Thomas | AL61: =IF(V61>0,AL$3,"") | AM61: =IF(W61>0,AM$3,"") -> Janus | AN61: =IF(X61>0,AN$3,"") | AO61: =COUNTif(AK61:AN61,">0"&"*") -> 2 | AP61: =H61 -> Thomas | AQ61: =IFERROR(__xludf.DUMMYFUNCTION("IFNA(QUERY(transpose(AY61:BB61),""Select Col1 where Col1 is not null limit 1"",0))"),"Janus") -> Janus | AS61: =IF(AK61=AS$3,"",AS$3) | AT61: =IF(AL61=AT$3,"",AT$3) -> Peter | AU61: =IF(AM61=AU$3,"",AU$3) | AV61: =IF(AN61=AV$3,"",AV$3) -> Christian | AW61: =COUNTif(AS61:AV61,">0"&"*") -> 2 | AX61: =sum(AB61:AE61) -> 16 | AY61: =IFNA(IFS(AY$3=$AP61,"",$AX61=U61,AY$3),"") | AZ61: =IFNA(IFS(AZ$3=$AP61,"",$AX61=V61,AZ$3),"") | BA61: =IFNA(IFS(BA$3=$AP61,"",$AX61=W61,BA$3),"") -> Janus | BB61: =IFNA(IFS(BB$3=$AP61,"",$AX61=X61,BB$3),"") | BC61: =OFFSET('00_Regnskab_01'!$A$1,MATCH(A61,'00_Regnskab_01'!$A$1:$A$25)-1,2) -> 43491 | BE61: =if(U61>0,1+BE60,0) -> 1 | BF61: =if(V61>0,1+BF60,0) -> 0 | BG61: =if(W61>0,1+BG60,0) -> 1 | BH61: =if(X61>0,1+BH60,0) -> 0 | BJ61: =if(U61<0,1+BJ60,0) -> 0 | BK61: =if(V61<0,1+BK60,0) -> 1 | BL61: =if(W61<0,1+BL60,0) -> 0 | BM61: =if(X61<0,1+BM60,0) -> 1 | BO61: =if(U61>0,U61+BO60,0) -> 16 | BP61: =if(V61>0,V61+BP60,0) -> 0 | BQ61: =if(W61>0,W61+BQ60,0) -> 16 | BR61: =if(X61>0,X61+BR60,0) -> 0 | BT61: =if(U61<0,U61+BT60,0) -> 0 | BU61: =if(V61<0,V61+BU60,0) -> -16 | BV61: =if(W61<0,W61+BV60,0) -> 0 | BW61: =if(X61<0,X61+BW60,0) -> -16
A62: 9 | B62: ='09_26-01-2019'!A5 -> 2 | C62: ='09_26-01-2019'!B5 -> 12 | D62: ='09_26-01-2019'!C5 -> -20 | E62: ='09_26-01-2019'!D5 -> 12 | F62: ='09_26-01-2019'!E5 -> -4 | G62: ='09_26-01-2019'!F5 -> 0 | H62: ='09_26-01-2019'!G5 -> Christian | J62: ='09_26-01-2019'!H5 -> Thomas | K62: ='09_26-01-2019'!I5 -> Sol | N62: Sol | U62: =C62-C61 -> -4 | V62: =D62-D61 -> -4 | W62: =E62-E61 -> -4 | X62: =F62-F61 -> 12 | AB62: =IF(AB$3=$H62,U62,"") | AC62: =IF(AC$3=$H62,V62,"") | AD62: =IF(AD$3=$H62,W62,"") | AE62: =IF(AE$3=$H62,X62,"") -> 12 | AH62: =MAXIFS(AB62:AE62,AB62:AE62, ">-1") -> 12 | AI62: =MINIFS(AB62:AE62,AB62:AE62, "<0") -> 0 | AK62: =IF(U62>0,AK$3,"") | AL62: =IF(V62>0,AL$3,"") | AM62: =IF(W62>0,AM$3,"") | AN62: =IF(X62>0,AN$3,"") -> Christian | AO62: =COUNTif(AK62:AN62,">0"&"*") -> 1 | AP62: =H62 -> Christian | AQ62: =IFERROR(__xludf.DUMMYFUNCTION("IFNA(QUERY(transpose(AY62:BB62),""Select Col1 where Col1 is not null limit 1"",0))"),"") | AS62: =IF(AK62=AS$3,"",AS$3) -> Thomas | AT62: =IF(AL62=AT$3,"",AT$3) -> Peter | AU62: =IF(AM62=AU$3,"",AU$3) -> Janus | AV62: =IF(AN62=AV$3,"",AV$3) | AW62: =COUNTif(AS62:AV62,">0"&"*") -> 3 | AX62: =sum(AB62:AE62) -> 12 | AY62: =IFNA(IFS(AY$3=$AP62,"",$AX62=U62,AY$3),"") | AZ62: =IFNA(IFS(AZ$3=$AP62,"",$AX62=V62,AZ$3),"") | BA62: =IFNA(IFS(BA$3=$AP62,"",$AX62=W62,BA$3),"") | BB62: =IFNA(IFS(BB$3=$AP62,"",$AX62=X62,BB$3),"") | BC62: =OFFSET('00_Regnskab_01'!$A$1,MATCH(A62,'00_Regnskab_01'!$A$1:$A$25)-1,2) -> 43491 | BE62: =if(U62>0,1+BE61,0) -> 0 | BF62: =if(V62>0,1+BF61,0) -> 0 | BG62: =if(W62>0,1+BG61,0) -> 0 | BH62: =if(X62>0,1+BH61,0) -> 1 | BJ62: =if(U62<0,1+BJ61,0) -> 1 | BK62: =if(V62<0,1+BK61,0) -> 2 | BL62: =if(W62<0,1+BL61,0) -> 1 | BM62: =if(X62<0,1+BM61,0) -> 0 | BO62: =if(U62>0,U62+BO61,0) -> 0 | BP62: =if(V62>0,V62+BP61,0) -> 0 | BQ62: =if(W62>0,W62+BQ61,0) -> 0 | BR62: =if(X62>0,X62+BR61,0) -> 12 | BT62: =if(U62<0,U62+BT61,0) -> -4 | BU62: =if(V62<0,V62+BU61,0) -> -20 | BV62: =if(W62<0,W62+BV61,0) -> -4 | BW62: =if(X62<0,X62+BW61,0) -> 0
A63: 9 | B63: ='09_26-01-2019'!A6 -> 3 | C63: ='09_26-01-2019'!B6 -> 24 | D63: ='09_26-01-2019'!C6 -> -8 | E63: ='09_26-01-2019'!D6 -> 0 | F63: ='09_26-01-2019'!E6 -> -16 | G63: ='09_26-01-2019'!F6 -> 0 | H63: ='09_26-01-2019'!G6 -> Thomas | J63: ='09_26-01-2019'!H6 -> Peter | K63: ='09_26-01-2019'!I6 -> 9 halve | M63: 9 | N63: Halve | U63: =C63-C62 -> 12 | V63: =D63-D62 -> 12 | W63: =E63-E62 -> -12 | X63: =F63-F62 -> -12 | AB63: =IF(AB$3=$H63,U63,"") -> 12 | AC63: =IF(AC$3=$H63,V63,"") | AD63: =IF(AD$3=$H63,W63,"") | AE63: =IF(AE$3=$H63,X63,"") | AH63: =MAXIFS(AB63:AE63,AB63:AE63, ">-1") -> 12 | AI63: =MINIFS(AB63:AE63,AB63:AE63, "<0") -> 0 | AK63: =IF(U63>0,AK$3,"") -> Thomas | AL63: =IF(V63>0,AL$3,"") -> Peter | AM63: =IF(W63>0,AM$3,"") | AN63: =IF(X63>0,AN$3,"") | AO63: =COUNTif(AK63:AN63,">0"&"*") -> 2 | AP63: =H63 -> Thomas | AQ63: =IFERROR(__xludf.DUMMYFUNCTION("IFNA(QUERY(transpose(AY63:BB63),""Select Col1 where Col1 is not null limit 1"",0))"),"Peter") -> Peter | AS63: =IF(AK63=AS$3,"",AS$3) | AT63: =IF(AL63=AT$3,"",AT$3) | AU63: =IF(AM63=AU$3,"",AU$3) -> Janus | AV63: =IF(AN63=AV$3,"",AV$3) -> Christian | AW63: =COUNTif(AS63:AV63,">0"&"*") -> 2 | AX63: =sum(AB63:AE63) -> 12 | AY63: =IFNA(IFS(AY$3=$AP63,"",$AX63=U63,AY$3),"") | AZ63: =IFNA(IFS(AZ$3=$AP63,"",$AX63=V63,AZ$3),"") -> Peter | BA63: =IFNA(IFS(BA$3=$AP63,"",$AX63=W63,BA$3),"") | BB63: =IFNA(IFS(BB$3=$AP63,"",$AX63=X63,BB$3),"") | BC63: =OFFSET('00_Regnskab_01'!$A$1,MATCH(A63,'00_Regnskab_01'!$A$1:$A$25)-1,2) -> 43491 | BE63: =if(U63>0,1+BE62,0) -> 1 | BF63: =if(V63>0,1+BF62,0) -> 1 | BG63: =if(W63>0,1+BG62,0) -> 0 | BH63: =if(X63>0,1+BH62,0) -> 0 | BJ63: =if(U63<0,1+BJ62,0) -> 0 | BK63: =if(V63<0,1+BK62,0) -> 0 | BL63: =if(W63<0,1+BL62,0) -> 2 | BM63: =if(X63<0,1+BM62,0) -> 1 | BO63: =if(U63>0,U63+BO62,0) -> 12 | BP63: =if(V63>0,V63+BP62,0) -> 12 | BQ63: =if(W63>0,W63+BQ62,0) -> 0 | BR63: =if(X63>0,X63+BR62,0) -> 0 | BT63: =if(U63<0,U63+BT62,0) -> 0 | BU63: =if(V63<0,V63+BU62,0) -> 0 | BV63: =if(W63<0,W63+BV62,0) -> -16 | BW63: =if(X63<0,X63+BW62,0) -> -12
A64: 9 | B64: ='09_26-01-2019'!A7 -> 4 | C64: ='09_26-01-2019'!B7 -> 16 | D64: ='09_26-01-2019'!C7 -> -16 | E64: ='09_26-01-2019'!D7 -> 24 | F64: ='09_26-01-2019'!E7 -> -24 | G64: ='09_26-01-2019'!F7 -> 0 | H64: ='09_26-01-2019'!G7 -> Janus | J64: ='09_26-01-2019'!H7 -> Janus | K64: ='09_26-01-2019'!I7 -> Ren sol | N64: Ren sol | U64: =C64-C63 -> -8 | V64: =D64-D63 -> -8 | W64: =E64-E63 -> 24 | X64: =F64-F63 -> -8 | AB64: =IF(AB$3=$H64,U64,"") | AC64: =IF(AC$3=$H64,V64,"") | AD64: =IF(AD$3=$H64,W64,"") -> 24 | AE64: =IF(AE$3=$H64,X64,"") | AH64: =MAXIFS(AB64:AE64,AB64:AE64, ">-1") -> 24 | AI64: =MINIFS(AB64:AE64,AB64:AE64, "<0") -> 0 | AK64: =IF(U64>0,AK$3,"") | AL64: =IF(V64>0,AL$3,"") | AM64: =IF(W64>0,AM$3,"") -> Janus | AN64: =IF(X64>0,AN$3,"") | AO64: =COUNTif(AK64:AN64,">0"&"*") -> 1 | AP64: =H64 -> Janus | AQ64: =IFERROR(__xludf.DUMMYFUNCTION("IFNA(QUERY(transpose(AY64:BB64),""Select Col1 where Col1 is not null limit 1"",0))"),"") | AS64: =IF(AK64=AS$3,"",AS$3) -> Thomas | AT64: =IF(AL64=AT$3,"",AT$3) -> Peter | AU64: =IF(AM64=AU$3,"",AU$3) | AV64: =IF(AN64=AV$3,"",AV$3) -> Christian | AW64: =COUNTif(AS64:AV64,">0"&"*") -> 3 | AX64: =sum(AB64:AE64) -> 24 | AY64: =IFNA(IFS(AY$3=$AP64,"",$AX64=U64,AY$3),"") | AZ64: =IFNA(IFS(AZ$3=$AP64,"",$AX64=V64,AZ$3),"") | BA64: =IFNA(IFS(BA$3=$AP64,"",$AX64=W64,BA$3),"") | BB64: =IFNA(IFS(BB$3=$AP64,"",$AX64=X64,BB$3),"") | BC64: =OFFSET('00_Regnskab_01'!$A$1,MATCH(A64,'00_Regnskab_01'!$A$1:$A$25)-1,2) -> 43491 | BE64: =if(U64>0,1+BE63,0) -> 0 | BF64: =if(V64>0,1+BF63,0) -> 0 | BG64: =if(W64>0,1+BG63,0) -> 1 | BH64: =if(X64>0,1+BH63,0) -> 0 | BJ64: =if(U64<0,1+BJ63,0) -> 1 | BK64: =if(V64<0,1+BK63,0) -> 1 | BL64: =if(W64<0,1+BL63,0) -> 0 | BM64: =if(X64<0,1+BM63,0) -> 2 | BO64: =if(U64>0,U64+BO63,0) -> 0 | BP64: =if(V64>0,V64+BP63,0) -> 0 | BQ64: =if(W64>0,W64+BQ63,0) -> 24 | BR64: =if(X64>0,X64+BR63,0) -> 0 | BT64: =if(U64<0,U64+BT63,0) -> -8 | BU64: =if(V64<0,V64+BU63,0) -> -8 | BV64: =if(W64<0,W64+BV63,0) -> 0 | BW64: =if(X64<0,X64+BW63,0) -> -20
A65: 9 | B65: ='09_26-01-2019'!A8 -> 5 | C65: ='09_26-01-2019'!B8 -> 24 | D65: ='09_26-01-2019'!C8 -> -24 | E65: ='09_26-01-2019'!D8 -> 30 | F65: ='09_26-01-2019'!E8 -> -30 | G65: ='09_26-01-2019'!F8 -> 0 | H65: ='09_26-01-2019'!G8 -> Janus | J65: ='09_26-01-2019'!H8 -> Christian | K65: ='09_26-01-2019'!I8 -> 10 alm | M65: 10 | N65: Alm | U65: =C65-C64 -> 8 | V65: =D65-D64 -> -8 | W65: =E65-E64 -> 6 | X65: =F65-F64 -> -6 | AB65: =IF(AB$3=$H65,U65,"") | AC65: =IF(AC$3=$H65,V65,"") | AD65: =IF(AD$3=$H65,W65,"") -> 6 | AE65: =IF(AE$3=$H65,X65,"") | AH65: =MAXIFS(AB65:AE65,AB65:AE65, ">-1") -> 6 | AI65: =MINIFS(AB65:AE65,AB65:AE65, "<0") -> 0 | AK65: =IF(U65>0,AK$3,"") -> Thomas | AL65: =IF(V65>0,AL$3,"") | AM65: =IF(W65>0,AM$3,"") -> Janus | AN65: =IF(X65>0,AN$3,"") | AO65: =COUNTif(AK65:AN65,">0"&"*") -> 2 | AP65: =H65 -> Janus | AQ65: =IFERROR(__xludf.DUMMYFUNCTION("IFNA(QUERY(transpose(AY65:BB65),""Select Col1 where Col1 is not null limit 1"",0))"),"") | AS65: =IF(AK65=AS$3,"",AS$3) | AT65: =IF(AL65=AT$3,"",AT$3) -> Peter | AU65: =IF(AM65=AU$3,"",AU$3) | AV65: =IF(AN65=AV$3,"",AV$3) -> Christian | AW65: =COUNTif(AS65:AV65,">0"&"*") -> 2 | AX65: =sum(AB65:AE65) -> 6 | AY65: =IFNA(IFS(AY$3=$AP65,"",$AX65=U65,AY$3),"") | AZ65: =IFNA(IFS(AZ$3=$AP65,"",$AX65=V65,AZ$3),"") | BA65: =IFNA(IFS(BA$3=$AP65,"",$AX65=W65,BA$3),"") | BB65: =IFNA(IFS(BB$3=$AP65,"",$AX65=X65,BB$3),"") | BC65: =OFFSET('00_Regnskab_01'!$A$1,MATCH(A65,'00_Regnskab_01'!$A$1:$A$25)-1,2) -> 43491 | BE65: =if(U65>0,1+BE64,0) -> 1 | BF65: =if(V65>0,1+BF64,0) -> 0 | BG65: =if(W65>0,1+BG64,0) -> 2 | BH65: =if(X65>0,1+BH64,0) -> 0 | BJ65: =if(U65<0,1+BJ64,0) -> 0 | BK65: =if(V65<0,1+BK64,0) -> 2 | BL65: =if(W65<0,1+BL64,0) -> 0 | BM65: =if(X65<0,1+BM64,0) -> 3 | BO65: =if(U65>0,U65+BO64,0) -> 8 | BP65: =if(V65>0,V65+BP64,0) -> 0 | BQ65: =if(W65>0,W65+BQ64,0) -> 30 | BR65: =if(X65>0,X65+BR64,0) -> 0 | BT65: =if(U65<0,U65+BT64,0) -> 0 | BU65: =if(V65<0,V65+BU64,0) -> -16 | BV65: =if(W65<0,W65+BV64,0) -> 0 | BW65: =if(X65<0,X65+BW64,0) -> -26
A66: 9 | B66: ='09_26-01-2019'!A9 -> 6 | C66: ='09_26-01-2019'!B9 -> 8 | D66: ='09_26-01-2019'!C9 -> -8 | E66: ='09_26-01-2019'!D9 -> 14 | F66: ='09_26-01-2019'!E9 -> -14 | G66: ='09_26-01-2019'!F9 -> 0 | H66: ='09_26-01-2019'!G9 -> Peter+Christian | J66: ='09_26-01-2019'!H9 -> Thomas | K66: ='09_26-01-2019'!I9 -> 2 gange sol | N66: Sol | Q66: x | U66: =C66-C65 -> -16 | V66: =D66-D65 -> 16 | W66: =E66-E65 -> -16 | X66: =F66-F65 -> 16 | AB66: =IF(AB$3=$H66,U66,"") | AC66: =IF(AC$3=$H66,V66,"") | AD66: =IF(AD$3=$H66,W66,"") | AE66: =IF(AE$3=$H66,X66,"") | AH66: =MAXIFS(AB66:AE66,AB66:AE66, ">-1") -> 0 | AI66: =MINIFS(AB66:AE66,AB66:AE66, "<0") -> 0 | AK66: =IF(U66>0,AK$3,"") | AL66: =IF(V66>0,AL$3,"") -> Peter | AM66: =IF(W66>0,AM$3,"") | AN66: =IF(X66>0,AN$3,"") -> Christian | AO66: =COUNTif(AK66:AN66,">0"&"*") -> 2 | AP66: =H66 -> Peter+Christian | AQ66: =IFERROR(__xludf.DUMMYFUNCTION("IFNA(QUERY(transpose(AY66:BB66),""Select Col1 where Col1 is not null limit 1"",0))"),"") | AS66: =IF(AK66=AS$3,"",AS$3) -> Thomas | AT66: =IF(AL66=AT$3,"",AT$3) | AU66: =IF(AM66=AU$3,"",AU$3) -> Janus | AV66: =IF(AN66=AV$3,"",AV$3) | AW66: =COUNTif(AS66:AV66,">0"&"*") -> 2 | AX66: =sum(AB66:AE66) -> 0 | AY66: =IFNA(IFS(AY$3=$AP66,"",$AX66=U66,AY$3),"") | AZ66: =IFNA(IFS(AZ$3=$AP66,"",$AX66=V66,AZ$3),"") | BA66: =IFNA(IFS(BA$3=$AP66,"",$AX66=W66,BA$3),"") | BB66: =IFNA(IFS(BB$3=$AP66,"",$AX66=X66,BB$3),"") | BC66: =OFFSET('00_Regnskab_01'!$A$1,MATCH(A66,'00_Regnskab_01'!$A$1:$A$25)-1,2) -> 43491 | BE66: =if(U66>0,1+BE65,0) -> 0 | BF66: =if(V66>0,1+BF65,0) -> 1 | BG66: =if(W66>0,1+BG65,0) -> 0 | BH66: =if(X66>0,1+BH65,0) -> 1 | BJ66: =if(U66<0,1+BJ65,0) -> 1 | BK66: =if(V66<0,1+BK65,0) -> 0 | BL66: =if(W66<0,1+BL65,0) -> 1 | BM66: =if(X66<0,1+BM65,0) -> 0 | BO66: =if(U66>0,U66+BO65,0) -> 0 | BP66: =if(V66>0,V66+BP65,0) -> 16 | BQ66: =if(W66>0,W66+BQ65,0) -> 0 | BR66: =if(X66>0,X66+BR65,0) -> 16 | BT66: =if(U66<0,U66+BT65,0) -> -16 | BU66: =if(V66<0,V66+BU65,0) -> 0 | BV66: =if(W66<0,W66+BV65,0) -> -16 | BW66: =if(X66<0,X66+BW65,0) -> 0
A67: 9 | B67: ='09_26-01-2019'!A10 -> 7 | C67: ='09_26-01-2019'!B10 -> 0 | D67: ='09_26-01-2019'!C10 -> 0 | E67: ='09_26-01-2019'!D10 -> 6 | F67: ='09_26-01-2019'!E10 -> -6 | G67: ='09_26-01-2019'!F10 -> 0 | H67: ='09_26-01-2019'!G10 -> Christian | J67: ='09_26-01-2019'!H10 -> Peter | K67: ='09_26-01-2019'!I10 -> 9 gode | M67: 9 | N67: Gode | U67: =C67-C66 -> -8 | V67: =D67-D66 -> 8 | W67: =E67-E66 -> -8 | X67: =F67-F66 -> 8 | AB67: =IF(AB$3=$H67,U67,"") | AC67: =IF(AC$3=$H67,V67,"") | AD67: =IF(AD$3=$H67,W67,"") | AE67: =IF(AE$3=$H67,X67,"") -> 8 | AH67: =MAXIFS(AB67:AE67,AB67:AE67, ">-1") -> 8 | AI67: =MINIFS(AB67:AE67,AB67:AE67, "<0") -> 0 | AK67: =IF(U67>0,AK$3,"") | AL67: =IF(V67>0,AL$3,"") -> Peter | AM67: =IF(W67>0,AM$3,"") | AN67: =IF(X67>0,AN$3,"") -> Christian | AO67: =COUNTif(AK67:AN67,">0"&"*") -> 2 | AP67: =H67 -> Christian | AQ67: =IFERROR(__xludf.DUMMYFUNCTION("IFNA(QUERY(transpose(AY67:BB67),""Select Col1 where Col1 is not null limit 1"",0))"),"Peter") -> Peter | AS67: =IF(AK67=AS$3,"",AS$3) -> Thomas | AT67: =IF(AL67=AT$3,"",AT$3) | AU67: =IF(AM67=AU$3,"",AU$3) -> Janus | AV67: =IF(AN67=AV$3,"",AV$3) | AW67: =COUNTif(AS67:AV67,">0"&"*") -> 2 | AX67: =sum(AB67:AE67) -> 8 | AY67: =IFNA(IFS(AY$3=$AP67,"",$AX67=U67,AY$3),"") | AZ67: =IFNA(IFS(AZ$3=$AP67,"",$AX67=V67,AZ$3),"") -> Peter | BA67: =IFNA(IFS(BA$3=$AP67,"",$AX67=W67,BA$3),"") | BB67: =IFNA(IFS(BB$3=$AP67,"",$AX67=X67,BB$3),"") | BC67: =OFFSET('00_Regnskab_01'!$A$1,MATCH(A67,'00_Regnskab_01'!$A$1:$A$25)-1,2) -> 43491 | BE67: =if(U67>0,1+BE66,0) -> 0 | BF67: =if(V67>0,1+BF66,0) -> 2 | BG67: =if(W67>0,1+BG66,0) -> 0 | BH67: =if(X67>0,1+BH66,0) -> 2 | BJ67: =if(U67<0,1+BJ66,0) -> 2 | BK67: =if(V67<0,1+BK66,0) -> 0 | BL67: =if(W67<0,1+BL66,0) -> 2 | BM67: =if(X67<0,1+BM66,0) -> 0 | BO67: =if(U67>0,U67+BO66,0) -> 0 | BP67: =if(V67>0,V67+BP66,0) -> 24 | BQ67: =if(W67>0,W67+BQ66,0) -> 0 | BR67: =if(X67>0,X67+BR66,0) -> 24 | BT67: =if(U67<0,U67+BT66,0) -> -24 | BU67: =if(V67<0,V67+BU66,0) -> 0 | BV67: =if(W67<0,W67+BV66,0) -> -24 | BW67: =if(X67<0,X67+BW66,0) -> 0
A68: 9 | B68: ='09_26-01-2019'!A11 -> 8 | C68: ='09_26-01-2019'!B11 -> 40 | D68: ='09_26-01-2019'!C11 -> -40 | E68: ='09_26-01-2019'!D11 -> -34 | F68: ='09_26-01-2019'!E11 -> 34 | G68: ='09_26-01-2019'!F11 -> 0 | H68: ='09_26-01-2019'!G11 -> Thomas | J68: ='09_26-01-2019'!H11 -> Janus | K68: ='09_26-01-2019'!I11 -> 9 vip i 2. | M68: 9 | N68: Vip | O68: 2 | U68: =C68-C67 -> 40 | V68: =D68-D67 -> -40 | W68: =E68-E67 -> -40 | X68: =F68-F67 -> 40 | AB68: =IF(AB$3=$H68,U68,"") -> 40 | AC68: =IF(AC$3=$H68,V68,"") | AD68: =IF(AD$3=$H68,W68,"") | AE68: =IF(AE$3=$H68,X68,"") | AH68: =MAXIFS(AB68:AE68,AB68:AE68, ">-1") -> 40 | AI68: =MINIFS(AB68:AE68,AB68:AE68, "<0") -> 0 | AK68: =IF(U68>0,AK$3,"") -> Thomas | AL68: =IF(V68>0,AL$3,"") | AM68: =IF(W68>0,AM$3,"") | AN68: =IF(X68>0,AN$3,"") -> Christian | AO68: =COUNTif(AK68:AN68,">0"&"*") -> 2 | AP68: =H68 -> Thomas | AQ68: =IFERROR(__xludf.DUMMYFUNCTION("IFNA(QUERY(transpose(AY68:BB68),""Select Col1 where Col1 is not null limit 1"",0))"),"Christian") -> Christian | AS68: =IF(AK68=AS$3,"",AS$3) | AT68: =IF(AL68=AT$3,"",AT$3) -> Peter | AU68: =IF(AM68=AU$3,"",AU$3) -> Janus | AV68: =IF(AN68=AV$3,"",AV$3) | AW68: =COUNTif(AS68:AV68,">0"&"*") -> 2 | AX68: =sum(AB68:AE68) -> 40 | AY68: =IFNA(IFS(AY$3=$AP68,"",$AX68=U68,AY$3),"") | AZ68: =IFNA(IFS(AZ$3=$AP68,"",$AX68=V68,AZ$3),"") | BA68: =IFNA(IFS(BA$3=$AP68,"",$AX68=W68,BA$3),"") | BB68: =IFNA(IFS(BB$3=$AP68,"",$AX68=X68,BB$3),"") -> Christian | BC68: =OFFSET('00_Regnskab_01'!$A$1,MATCH(A68,'00_Regnskab_01'!$A$1:$A$25)-1,2) -> 43491 | BE68: =if(U68>0,1+BE67,0) -> 1 | BF68: =if(V68>0,1+BF67,0) -> 0 | BG68: =if(W68>0,1+BG67,0) -> 0 | BH68: =if(X68>0,1+BH67,0) -> 3 | BJ68: =if(U68<0,1+BJ67,0) -> 0 | BK68: =if(V68<0,1+BK67,0) -> 1 | BL68: =if(W68<0,1+BL67,0) -> 3 | BM68: =if(X68<0,1+BM67,0) -> 0 | BO68: =if(U68>0,U68+BO67,0) -> 40 | BP68: =if(V68>0,V68+BP67,0) -> 0 | BQ68: =if(W68>0,W68+BQ67,0) -> 0 | BR68: =if(X68>0,X68+BR67,0) -> 64 | BT68: =if(U68<0,U68+BT67,0) -> 0 | BU68: =if(V68<0,V68+BU67,0) -> -40 | BV68: =if(W68<0,W68+BV67,0) -> -64 | BW68: =if(X68<0,X68+BW67,0) -> 0
A69: 9 | B69: ='09_26-01-2019'!A12 -> 9 | C69: ='09_26-01-2019'!B12 -> 48 | D69: ='09_26-01-2019'!C12 -> -32 | E69: ='09_26-01-2019'!D12 -> -42 | F69: ='09_26-01-2019'!E12 -> 26 | G69: ='09_26-01-2019'!F12 -> 0 | H69: ='09_26-01-2019'!G12 -> Janus | J69: ='09_26-01-2019'!H12 -> Christian | K69: ='09_26-01-2019'!I12 -> 9 halve | M69: 9 | N69: Halve | U69: =C69-C68 -> 8 | V69: =D69-D68 -> 8 | W69: =E69-E68 -> -8 | X69: =F69-F68 -> -8 | AB69: =IF(AB$3=$H69,U69,"") | AC69: =IF(AC$3=$H69,V69,"") | AD69: =IF(AD$3=$H69,W69,"") -> -8 | AE69: =IF(AE$3=$H69,X69,"") | AH69: =MAXIFS(AB69:AE69,AB69:AE69, ">-1") -> 0 | AI69: =MINIFS(AB69:AE69,AB69:AE69, "<0") -> -8 | AK69: =IF(U69>0,AK$3,"") -> Thomas | AL69: =IF(V69>0,AL$3,"") -> Peter | AM69: =IF(W69>0,AM$3,"") | AN69: =IF(X69>0,AN$3,"") | AO69: =COUNTif(AK69:AN69,">0"&"*") -> 2 | AP69: =H69 -> Janus | AQ69: =IFERROR(__xludf.DUMMYFUNCTION("IFNA(QUERY(transpose(AY69:BB69),""Select Col1 where Col1 is not null limit 1"",0))"),"Christian") -> Christian | AS69: =IF(AK69=AS$3,"",AS$3) | AT69: =IF(AL69=AT$3,"",AT$3) | AU69: =IF(AM69=AU$3,"",AU$3) -> Janus | AV69: =IF(AN69=AV$3,"",AV$3) -> Christian | AW69: =COUNTif(AS69:AV69,">0"&"*") -> 2 | AX69: =sum(AB69:AE69) -> -8 | AY69: =IFNA(IFS(AY$3=$AP69,"",$AX69=U69,AY$3),"") | AZ69: =IFNA(IFS(AZ$3=$AP69,"",$AX69=V69,AZ$3),"") | BA69: =IFNA(IFS(BA$3=$AP69,"",$AX69=W69,BA$3),"") | BB69: =IFNA(IFS(BB$3=$AP69,"",$AX69=X69,BB$3),"") -> Christian | BC69: =OFFSET('00_Regnskab_01'!$A$1,MATCH(A69,'00_Regnskab_01'!$A$1:$A$25)-1,2) -> 43491 | BE69: =if(U69>0,1+BE68,0) -> 2 | BF69: =if(V69>0,1+BF68,0) -> 1 | BG69: =if(W69>0,1+BG68,0) -> 0 | BH69: =if(X69>0,1+BH68,0) -> 0 | BJ69: =if(U69<0,1+BJ68,0) -> 0 | BK69: =if(V69<0,1+BK68,0) -> 0 | BL69: =if(W69<0,1+BL68,0) -> 4 | BM69: =if(X69<0,1+BM68,0) -> 1 | BO69: =if(U69>0,U69+BO68,0) -> 48 | BP69: =if(V69>0,V69+BP68,0) -> 8 | BQ69: =if(W69>0,W69+BQ68,0) -> 0 | BR69: =if(X69>0,X69+BR68,0) -> 0 | BT69: =if(U69<0,U69+BT68,0) -> 0 | BU69: =if(V69<0,V69+BU68,0) -> 0 | BV69: =if(W69<0,W69+BV68,0) -> -72 | BW69: =if(X69<0,X69+BW68,0) -> -8
A70: 9 | B70: ='09_26-01-2019'!A13 -> 10 | C70: ='09_26-01-2019'!B13 -> -48 | D70: ='09_26-01-2019'!C13 -> 64 | E70: ='09_26-01-2019'!D13 -> 54 | F70: ='09_26-01-2019'!E13 -> -70 | G70: ='09_26-01-2019'!F13 -> 0 | H70: ='09_26-01-2019'!G13 -> Thomas | J70: ='09_26-01-2019'!H13 -> Thomas | K70: ='09_26-01-2019'!I13 -> 9 vip i 3. | M70: 9 | N70: Vip | O70: 3 | U70: =C70-C69 -> -96 | V70: =D70-D69 -> 96 | W70: =E70-E69 -> 96 | X70: =F70-F69 -> -96 | AB70: =IF(AB$3=$H70,U70,"") -> -96 | AC70: =IF(AC$3=$H70,V70,"") | AD70: =IF(AD$3=$H70,W70,"") | AE70: =IF(AE$3=$H70,X70,"") | AH70: =MAXIFS(AB70:AE70,AB70:AE70, ">-1") -> 0 | AI70: =MINIFS(AB70:AE70,AB70:AE70, "<0") -> -96 | AK70: =IF(U70>0,AK$3,"") | AL70: =IF(V70>0,AL$3,"") -> Peter | AM70: =IF(W70>0,AM$3,"") -> Janus | AN70: =IF(X70>0,AN$3,"") | AO70: =COUNTif(AK70:AN70,">0"&"*") -> 2 | AP70: =H70 -> Thomas | AQ70: =IFERROR(__xludf.DUMMYFUNCTION("IFNA(QUERY(transpose(AY70:BB70),""Select Col1 where Col1 is not null limit 1"",0))"),"Christian") -> Christian | AS70: =IF(AK70=AS$3,"",AS$3) -> Thomas | AT70: =IF(AL70=AT$3,"",AT$3) | AU70: =IF(AM70=AU$3,"",AU$3) | AV70: =IF(AN70=AV$3,"",AV$3) -> Christian | AW70: =COUNTif(AS70:AV70,">0"&"*") -> 2 | AX70: =sum(AB70:AE70) -> -96 | AY70: =IFNA(IFS(AY$3=$AP70,"",$AX70=U70,AY$3),"") | AZ70: =IFNA(IFS(AZ$3=$AP70,"",$AX70=V70,AZ$3),"") | BA70: =IFNA(IFS(BA$3=$AP70,"",$AX70=W70,BA$3),"") | BB70: =IFNA(IFS(BB$3=$AP70,"",$AX70=X70,BB$3),"") -> Christian | BC70: =OFFSET('00_Regnskab_01'!$A$1,MATCH(A70,'00_Regnskab_01'!$A$1:$A$25)-1,2) -> 43491 | BE70: =if(U70>0,1+BE69,0) -> 0 | BF70: =if(V70>0,1+BF69,0) -> 2 | BG70: =if(W70>0,1+BG69,0) -> 1 | BH70: =if(X70>0,1+BH69,0) -> 0 | BJ70: =if(U70<0,1+BJ69,0) -> 1 | BK70: =if(V70<0,1+BK69,0) -> 0 | BL70: =if(W70<0,1+BL69,0) -> 0 | BM70: =if(X70<0,1+BM69,0) -> 2 | BO70: =if(U70>0,U70+BO69,0) -> 0 | BP70: =if(V70>0,V70+BP69,0) -> 104 | BQ70: =if(W70>0,W70+BQ69,0) -> 96 | BR70: =if(X70>0,X70+BR69,0) -> 0 | BT70: =if(U70<0,U70+BT69,0) -> -96 | BU70: =if(V70<0,V70+BU69,0) -> 0 | BV70: =if(W70<0,W70+BV69,0) -> 0 | BW70: =if(X70<0,X70+BW69,0) -> -104
A71: 9 | B71: ='09_26-01-2019'!A14 -> 11 | C71: ='09_26-01-2019'!B14 -> -112 | D71: ='09_26-01-2019'!C14 -> 128 | E71: ='09_26-01-2019'!D14 -> 118 | F71: ='09_26-01-2019'!E14 -> -134 | G71: ='09_26-01-2019'!F14 -> 0 | H71: ='09_26-01-2019'!G14 -> Thomas | J71: ='09_26-01-2019'!H14 -> Peter | K71: ='09_26-01-2019'!I14 -> 9 vip i 3. | M71: 9 | N71: Vip | O71: 3 | U71: =C71-C70 -> -64 | V71: =D71-D70 -> 64 | W71: =E71-E70 -> 64 | X71: =F71-F70 -> -64 | AB71: =IF(AB$3=$H71,U71,"") -> -64 | AC71: =IF(AC$3=$H71,V71,"") | AD71: =IF(AD$3=$H71,W71,"") | AE71: =IF(AE$3=$H71,X71,"") | AH71: =MAXIFS(AB71:AE71,AB71:AE71, ">-1") -> 0 | AI71: =MINIFS(AB71:AE71,AB71:AE71, "<0") -> -64 | AK71: =IF(U71>0,AK$3,"") | AL71: =IF(V71>0,AL$3,"") -> Peter | AM71: =IF(W71>0,AM$3,"") -> Janus | AN71: =IF(X71>0,AN$3,"") | AO71: =COUNTif(AK71:AN71,">0"&"*") -> 2 | AP71: =H71 -> Thomas | AQ71: =IFERROR(__xludf.DUMMYFUNCTION("IFNA(QUERY(transpose(AY71:BB71),""Select Col1 where Col1 is not null limit 1"",0))"),"Christian") -> Christian | AS71: =IF(AK71=AS$3,"",AS$3) -> Thomas | AT71: =IF(AL71=AT$3,"",AT$3) | AU71: =IF(AM71=AU$3,"",AU$3) | AV71: =IF(AN71=AV$3,"",AV$3) -> Christian | AW71: =COUNTif(AS71:AV71,">0"&"*") -> 2 | AX71: =sum(AB71:AE71) -> -64 | AY71: =IFNA(IFS(AY$3=$AP71,"",$AX71=U71,AY$3),"") | AZ71: =IFNA(IFS(AZ$3=$AP71,"",$AX71=V71,AZ$3),"") | BA71: =IFNA(IFS(BA$3=$AP71,"",$AX71=W71,BA$3),"") | BB71: =IFNA(IFS(BB$3=$AP71,"",$AX71=X71,BB$3),"") -> Christian | BC71: =OFFSET('00_Regnskab_01'!$A$1,MATCH(A71,'00_Regnskab_01'!$A$1:$A$25)-1,2) -> 43491 | BE71: =if(U71>0,1+BE70,0) -> 0 | BF71: =if(V71>0,1+BF70,0) -> 3 | BG71: =if(W71>0,1+BG70,0) -> 2 | BH71: =if(X71>0,1+BH70,0) -> 0 | BJ71: =if(U71<0,1+BJ70,0) -> 2 | BK71: =if(V71<0,1+BK70,0) -> 0 | BL71: =if(W71<0,1+BL70,0) -> 0 | BM71: =if(X71<0,1+BM70,0) -> 3 | BO71: =if(U71>0,U71+BO70,0) -> 0 | BP71: =if(V71>0,V71+BP70,0) -> 168 | BQ71: =if(W71>0,W71+BQ70,0) -> 160 | BR71: =if(X71>0,X71+BR70,0) -> 0 | BT71: =if(U71<0,U71+BT70,0) -> -160 | BU71: =if(V71<0,V71+BU70,0) -> 0 | BV71: =if(W71<0,W71+BV70,0) -> 0 | BW71: =if(X71<0,X71+BW70,0) -> -168
A72: 9 | B72: ='09_26-01-2019'!A15 -> 12 | C72: ='09_26-01-2019'!B15 -> -160 | D72: ='09_26-01-2019'!C15 -> 80 | E72: ='09_26-01-2019'!D15 -> 166 | F72: ='09_26-01-2019'!E15 -> -86 | G72: ='09_26-01-2019'!F15 -> 0 | H72: ='09_26-01-2019'!G15 -> Christian | J72: ='09_26-01-2019'!H15 -> Janus | K72: ='09_26-01-2019'!I15 -> 9 vip i 3. | M72: 9 | N72: Vip | O72: 3 | U72: =C72-C71 -> -48 | V72: =D72-D71 -> -48 | W72: =E72-E71 -> 48 | X72: =F72-F71 -> 48 | AB72: =IF(AB$3=$H72,U72,"") | AC72: =IF(AC$3=$H72,V72,"") | AD72: =IF(AD$3=$H72,W72,"") | AE72: =IF(AE$3=$H72,X72,"") -> 48 | AH72: =MAXIFS(AB72:AE72,AB72:AE72, ">-1") -> 48 | AI72: =MINIFS(AB72:AE72,AB72:AE72, "<0") -> 0 | AK72: =IF(U72>0,AK$3,"") | AL72: =IF(V72>0,AL$3,"") | AM72: =IF(W72>0,AM$3,"") -> Janus | AN72: =IF(X72>0,AN$3,"") -> Christian | AO72: =COUNTif(AK72:AN72,">0"&"*") -> 2 | AP72: =H72 -> Christian | AQ72: =IFERROR(__xludf.DUMMYFUNCTION("IFNA(QUERY(transpose(AY72:BB72),""Select Col1 where Col1 is not null limit 1"",0))"),"Janus") -> Janus | AS72: =IF(AK72=AS$3,"",AS$3) -> Thomas | AT72: =IF(AL72=AT$3,"",AT$3) -> Peter | AU72: =IF(AM72=AU$3,"",AU$3) | AV72: =IF(AN72=AV$3,"",AV$3) | AW72: =COUNTif(AS72:AV72,">0"&"*") -> 2 | AX72: =sum(AB72:AE72) -> 48 | AY72: =IFNA(IFS(AY$3=$AP72,"",$AX72=U72,AY$3),"") | AZ72: =IFNA(IFS(AZ$3=$AP72,"",$AX72=V72,AZ$3),"") | BA72: =IFNA(IFS(BA$3=$AP72,"",$AX72=W72,BA$3),"") -> Janus | BB72: =IFNA(IFS(BB$3=$AP72,"",$AX72=X72,BB$3),"") | BC72: =OFFSET('00_Regnskab_01'!$A$1,MATCH(A72,'00_Regnskab_01'!$A$1:$A$25)-1,2) -> 43491 | BE72: =if(U72>0,1+BE71,0) -> 0 | BF72: =if(V72>0,1+BF71,0) -> 0 | BG72: =if(W72>0,1+BG71,0) -> 3 | BH72: =if(X72>0,1+BH71,0) -> 1 | BJ72: =if(U72<0,1+BJ71,0) -> 3 | BK72: =if(V72<0,1+BK71,0) -> 1 | BL72: =if(W72<0,1+BL71,0) -> 0 | BM72: =if(X72<0,1+BM71,0) -> 0 | BO72: =if(U72>0,U72+BO71,0) -> 0 | BP72: =if(V72>0,V72+BP71,0) -> 0 | BQ72: =if(W72>0,W72+BQ71,0) -> 208 | BR72: =if(X72>0,X72+BR71,0) -> 48 | BT72: =if(U72<0,U72+BT71,0) -> -208 | BU72: =if(V72<0,V72+BU71,0) -> -48 | BV72: =if(W72<0,W72+BV71,0) -> 0 | BW72: =if(X72<0,X72+BW71,0) -> 0
A73: 9 | B73: ='09_26-01-2019'!A16 -> 13 | C73: ='09_26-01-2019'!B16 -> -136 | D73: ='09_26-01-2019'!C16 -> 8 | E73: ='09_26-01-2019'!D16 -> 190 | F73: ='09_26-01-2019'!E16 -> -62 | G73: ='09_26-01-2019'!F16 -> 0 | H73: ='09_26-01-2019'!G16 -> Peter | J73: ='09_26-01-2019'!H16 -> Christian | K73: ='09_26-01-2019'!I16 -> duestraf | T73: Peter | U73: =C73-C72 -> 24 | V73: =D73-D72 -> -72 | W73: =E73-E72 -> 24 | X73: =F73-F72 -> 24 | AB73: =IF(AB$3=$H73,U73,"") | AC73: =IF(AC$3=$H73,V73,"") -> -72 | AD73: =IF(AD$3=$H73,W73,"") | AE73: =IF(AE$3=$H73,X73,"") | AH73: =MAXIFS(AB73:AE73,AB73:AE73, ">-1") -> 0 | AI73: =MINIFS(AB73:AE73,AB73:AE73, "<0") -> -72 | AK73: =IF(U73>0,AK$3,"") -> Thomas | AL73: =IF(V73>0,AL$3,"") | AM73: =IF(W73>0,AM$3,"") -> Janus | AN73: =IF(X73>0,AN$3,"") -> Christian | AO73: =COUNTif(AK73:AN73,">0"&"*") -> 3 | AP73: =H73 -> Peter | AQ73: =IFERROR(__xludf.DUMMYFUNCTION("IFNA(QUERY(transpose(AY73:BB73),""Select Col1 where Col1 is not null limit 1"",0))"),"") | AS73: =IF(AK73=AS$3,"",AS$3) | AT73: =IF(AL73=AT$3,"",AT$3) -> Peter | AU73: =IF(AM73=AU$3,"",AU$3) | AV73: =IF(AN73=AV$3,"",AV$3) | AW73: =COUNTif(AS73:AV73,">0"&"*") -> 1 | AX73: =sum(AB73:AE73) -> -72 | AY73: =IFNA(IFS(AY$3=$AP73,"",$AX73=U73,AY$3),"") | AZ73: =IFNA(IFS(AZ$3=$AP73,"",$AX73=V73,AZ$3),"") | BA73: =IFNA(IFS(BA$3=$AP73,"",$AX73=W73,BA$3),"") | BB73: =IFNA(IFS(BB$3=$AP73,"",$AX73=X73,BB$3),"") | BC73: =OFFSET('00_Regnskab_01'!$A$1,MATCH(A73,'00_Regnskab_01'!$A$1:$A$25)-1,2) -> 43491 | BE73: =if(U73>0,1+BE72,0) -> 1 | BF73: =if(V73>0,1+BF72,0) -> 0 | BG73: =if(W73>0,1+BG72,0) -> 4 | BH73: =if(X73>0,1+BH72,0) -> 2 | BJ73: =if(U73<0,1+BJ72,0) -> 0 | BK73: =if(V73<0,1+BK72,0) -> 2 | BL73: =if(W73<0,1+BL72,0) -> 0 | BM73: =if(X73<0,1+BM72,0) -> 0 | BO73: =if(U73>0,U73+BO72,0) -> 24 | BP73: =if(V73>0,V73+BP72,0) -> 0 | BQ73: =if(W73>0,W73+BQ72,0) -> 232 | BR73: =if(X73>0,X73+BR72,0) -> 72 | BT73: =if(U73<0,U73+BT72,0) -> 0 | BU73: =if(V73<0,V73+BU72,0) -> -120 | BV73: =if(W73<0,W73+BV72,0) -> 0 | BW73: =if(X73<0,X73+BW72,0) -> 0
A74: 9 | B74: ='09_26-01-2019'!A17 -> 14 | C74: ='09_26-01-2019'!B17 -> -144 | D74: ='09_26-01-2019'!C17 -> 0 | E74: ='09_26-01-2019'!D17 -> 198 | F74: ='09_26-01-2019'!E17 -> -54 | G74: ='09_26-01-2019'!F17 -> 0 | H74: ='09_26-01-2019'!G17 -> Thomas | J74: ='09_26-01-2019'!H17 -> Janus | K74: ='09_26-01-2019'!I17 -> 9 halve | M74: 9 | N74: Halve | U74: =C74-C73 -> -8 | V74: =D74-D73 -> -8 | W74: =E74-E73 -> 8 | X74: =F74-F73 -> 8 | AB74: =IF(AB$3=$H74,U74,"") -> -8 | AC74: =IF(AC$3=$H74,V74,"") | AD74: =IF(AD$3=$H74,W74,"") | AE74: =IF(AE$3=$H74,X74,"") | AH74: =MAXIFS(AB74:AE74,AB74:AE74, ">-1") -> 0 | AI74: =MINIFS(AB74:AE74,AB74:AE74, "<0") -> -8 | AK74: =IF(U74>0,AK$3,"") | AL74: =IF(V74>0,AL$3,"") | AM74: =IF(W74>0,AM$3,"") -> Janus | AN74: =IF(X74>0,AN$3,"") -> Christian | AO74: =COUNTif(AK74:AN74,">0"&"*") -> 2 | AP74: =H74 -> Thomas | AQ74: =IFERROR(__xludf.DUMMYFUNCTION("IFNA(QUERY(transpose(AY74:BB74),""Select Col1 where Col1 is not null limit 1"",0))"),"Peter") -> Peter | AS74: =IF(AK74=AS$3,"",AS$3) -> Thomas | AT74: =IF(AL74=AT$3,"",AT$3) -> Peter | AU74: =IF(AM74=AU$3,"",AU$3) | AV74: =IF(AN74=AV$3,"",AV$3) | AW74: =COUNTif(AS74:AV74,">0"&"*") -> 2 | AX74: =sum(AB74:AE74) -> -8 | AY74: =IFNA(IFS(AY$3=$AP74,"",$AX74=U74,AY$3),"") | AZ74: =IFNA(IFS(AZ$3=$AP74,"",$AX74=V74,AZ$3),"") -> Peter | BA74: =IFNA(IFS(BA$3=$AP74,"",$AX74=W74,BA$3),"") | BB74: =IFNA(IFS(BB$3=$AP74,"",$AX74=X74,BB$3),"") | BC74: =OFFSET('00_Regnskab_01'!$A$1,MATCH(A74,'00_Regnskab_01'!$A$1:$A$25)-1,2) -> 43491 | BE74: =if(U74>0,1+BE73,0) -> 0 | BF74: =if(V74>0,1+BF73,0) -> 0 | BG74: =if(W74>0,1+BG73,0) -> 5 | BH74: =if(X74>0,1+BH73,0) -> 3 | BJ74: =if(U74<0,1+BJ73,0) -> 1 | BK74: =if(V74<0,1+BK73,0) -> 3 | BL74: =if(W74<0,1+BL73,0) -> 0 | BM74: =if(X74<0,1+BM73,0) -> 0 | BO74: =if(U74>0,U74+BO73,0) -> 0 | BP74: =if(V74>0,V74+BP73,0) -> 0 | BQ74: =if(W74>0,W74+BQ73,0) -> 240 | BR74: =if(X74>0,X74+BR73,0) -> 80 | BT74: =if(U74<0,U74+BT73,0) -> -8 | BU74: =if(V74<0,V74+BU73,0) -> -128 | BV74: =if(W74<0,W74+BV73,0) -> 0 | BW74: =if(X74<0,X74+BW73,0) -> 0
A75: 9 | B75: ='09_26-01-2019'!A18 -> 15 | C75: ='09_26-01-2019'!B18 -> -152 | D75: ='09_26-01-2019'!C18 -> 8 | E75: ='09_26-01-2019'!D18 -> 190 | F75: ='09_26-01-2019'!E18 -> -46 | G75: ='09_26-01-2019'!F18 -> 0 | H75: ='09_26-01-2019'!G18 -> Thomas | J75: ='09_26-01-2019'!H18 -> Christian | K75: ='09_26-01-2019'!I18 -> 9 halve | M75: 9 | N75: Halve | U75: =C75-C74 -> -8 | V75: =D75-D74 -> 8 | W75: =E75-E74 -> -8 | X75: =F75-F74 -> 8 | AB75: =IF(AB$3=$H75,U75,"") -> -8 | AC75: =IF(AC$3=$H75,V75,"") | AD75: =IF(AD$3=$H75,W75,"") | AE75: =IF(AE$3=$H75,X75,"") | AH75: =MAXIFS(AB75:AE75,AB75:AE75, ">-1") -> 0 | AI75: =MINIFS(AB75:AE75,AB75:AE75, "<0") -> -8 | AK75: =IF(U75>0,AK$3,"") | AL75: =IF(V75>0,AL$3,"") -> Peter | AM75: =IF(W75>0,AM$3,"") | AN75: =IF(X75>0,AN$3,"") -> Christian | AO75: =COUNTif(AK75:AN75,">0"&"*") -> 2 | AP75: =H75 -> Thomas | AQ75: =IFERROR(__xludf.DUMMYFUNCTION("IFNA(QUERY(transpose(AY75:BB75),""Select Col1 where Col1 is not null limit 1"",0))"),"Janus") -> Janus | AS75: =IF(AK75=AS$3,"",AS$3) -> Thomas | AT75: =IF(AL75=AT$3,"",AT$3) | AU75: =IF(AM75=AU$3,"",AU$3) -> Janus | AV75: =IF(AN75=AV$3,"",AV$3) | AW75: =COUNTif(AS75:AV75,">0"&"*") -> 2 | AX75: =sum(AB75:AE75) -> -8 | AY75: =IFNA(IFS(AY$3=$AP75,"",$AX75=U75,AY$3),"") | AZ75: =IFNA(IFS(AZ$3=$AP75,"",$AX75=V75,AZ$3),"") | BA75: =IFNA(IFS(BA$3=$AP75,"",$AX75=W75,BA$3),"") -> Janus | BB75: =IFNA(IFS(BB$3=$AP75,"",$AX75=X75,BB$3),"") | BC75: =OFFSET('00_Regnskab_01'!$A$1,MATCH(A75,'00_Regnskab_01'!$A$1:$A$25)-1,2) -> 43491 | BE75: =if(U75>0,1+BE74,0) -> 0 | BF75: =if(V75>0,1+BF74,0) -> 1 | BG75: =if(W75>0,1+BG74,0) -> 0 | BH75: =if(X75>0,1+BH74,0) -> 4 | BJ75: =if(U75<0,1+BJ74,0) -> 2 | BK75: =if(V75<0,1+BK74,0) -> 0 | BL75: =if(W75<0,1+BL74,0) -> 1 | BM75: =if(X75<0,1+BM74,0) -> 0 | BO75: =if(U75>0,U75+BO74,0) -> 0 | BP75: =if(V75>0,V75+BP74,0) -> 8 | BQ75: =if(W75>0,W75+BQ74,0) -> 0 | BR75: =if(X75>0,X75+BR74,0) -> 88 | BT75: =if(U75<0,U75+BT74,0) -> -16 | BU75: =if(V75<0,V75+BU74,0) -> 0 | BV75: =if(W75<0,W75+BV74,0) -> -8 | BW75: =if(X75<0,X75+BW74,0) -> 0
A76: 9 | B76: ='09_26-01-2019'!A19 -> 16 | C76: ='09_26-01-2019'!B19 -> -184 | D76: ='09_26-01-2019'!C19 -> -24 | E76: ='09_26-01-2019'!D19 -> 222 | F76: ='09_26-01-2019'!E19 -> -14 | G76: ='09_26-01-2019'!F19 -> 0 | H76: ='09_26-01-2019'!G19 -> Thomas | J76: ='09_26-01-2019'!H19 -> Thomas | K76: ='09_26-01-2019'!I19 -> 9 vip i 2. | M76: 9 | N76: Vip | O76: 2 | U76: =C76-C75 -> -32 | V76: =D76-D75 -> -32 | W76: =E76-E75 -> 32 | X76: =F76-F75 -> 32 | AB76: =IF(AB$3=$H76,U76,"") -> -32 | AC76: =IF(AC$3=$H76,V76,"") | AD76: =IF(AD$3=$H76,W76,"") | AE76: =IF(AE$3=$H76,X76,"") | AH76: =MAXIFS(AB76:AE76,AB76:AE76, ">-1") -> 0 | AI76: =MINIFS(AB76:AE76,AB76:AE76, "<0") -> -32 | AK76: =IF(U76>0,AK$3,"") | AL76: =IF(V76>0,AL$3,"") | AM76: =IF(W76>0,AM$3,"") -> Janus | AN76: =IF(X76>0,AN$3,"") -> Christian | AO76: =COUNTif(AK76:AN76,">0"&"*") -> 2 | AP76: =H76 -> Thomas | AQ76: =IFERROR(__xludf.DUMMYFUNCTION("IFNA(QUERY(transpose(AY76:BB76),""Select Col1 where Col1 is not null limit 1"",0))"),"Peter") -> Peter | AS76: =IF(AK76=AS$3,"",AS$3) -> Thomas | AT76: =IF(AL76=AT$3,"",AT$3) -> Peter | AU76: =IF(AM76=AU$3,"",AU$3) | AV76: =IF(AN76=AV$3,"",AV$3) | AW76: =COUNTif(AS76:AV76,">0"&"*") -> 2 | AX76: =sum(AB76:AE76) -> -32 | AY76: =IFNA(IFS(AY$3=$AP76,"",$AX76=U76,AY$3),"") | AZ76: =IFNA(IFS(AZ$3=$AP76,"",$AX76=V76,AZ$3),"") -> Peter | BA76: =IFNA(IFS(BA$3=$AP76,"",$AX76=W76,BA$3),"") | BB76: =IFNA(IFS(BB$3=$AP76,"",$AX76=X76,BB$3),"") | BC76: =OFFSET('00_Regnskab_01'!$A$1,MATCH(A76,'00_Regnskab_01'!$A$1:$A$25)-1,2) -> 43491 | BE76: =if(U76>0,1+BE75,0) -> 0 | BF76: =if(V76>0,1+BF75,0) -> 0 | BG76: =if(W76>0,1+BG75,0) -> 1 | BH76: =if(X76>0,1+BH75,0) -> 5 | BJ76: =if(U76<0,1+BJ75,0) -> 3 | BK76: =if(V76<0,1+BK75,0) -> 1 | BL76: =if(W76<0,1+BL75,0) -> 0 | BM76: =if(X76<0,1+BM75,0) -> 0 | BO76: =if(U76>0,U76+BO75,0) -> 0 | BP76: =if(V76>0,V76+BP75,0) -> 0 | BQ76: =if(W76>0,W76+BQ75,0) -> 32 | BR76: =if(X76>0,X76+BR75,0) -> 120 | BT76: =if(U76<0,U76+BT75,0) -> -48 | BU76: =if(V76<0,V76+BU75,0) -> -32 | BV76: =if(W76<0,W76+BV75,0) -> 0 | BW76: =if(X76<0,X76+BW75,0) -> 0
A77: 9 | B77: ='09_26-01-2019'!A20 -> 17 | C77: ='09_26-01-2019'!B20 -> -172 | D77: ='09_26-01-2019'!C20 -> -36 | E77: ='09_26-01-2019'!D20 -> 234 | F77: ='09_26-01-2019'!E20 -> -26 | G77: ='09_26-01-2019'!F20 -> 0 | H77: ='09_26-01-2019'!G20 -> Thomas | J77: ='09_26-01-2019'!H20 -> Peter | K77: ='09_26-01-2019'!I20 -> 9 halve | M77: 9 | N77: Halve | U77: =C77-C76 -> 12 | V77: =D77-D76 -> -12 | W77: =E77-E76 -> 12 | X77: =F77-F76 -> -12 | AB77: =IF(AB$3=$H77,U77,"") -> 12 | AC77: =IF(AC$3=$H77,V77,"") | AD77: =IF(AD$3=$H77,W77,"") | AE77: =IF(AE$3=$H77,X77,"") | AH77: =MAXIFS(AB77:AE77,AB77:AE77, ">-1") -> 12 | AI77: =MINIFS(AB77:AE77,AB77:AE77, "<0") -> 0 | AK77: =IF(U77>0,AK$3,"") -> Thomas | AL77: =IF(V77>0,AL$3,"") | AM77: =IF(W77>0,AM$3,"") -> Janus | AN77: =IF(X77>0,AN$3,"") | AO77: =COUNTif(AK77:AN77,">0"&"*") -> 2 | AP77: =H77 -> Thomas | AQ77: =IFERROR(__xludf.DUMMYFUNCTION("IFNA(QUERY(transpose(AY77:BB77),""Select Col1 where Col1 is not null limit 1"",0))"),"Janus") -> Janus | AS77: =IF(AK77=AS$3,"",AS$3) | AT77: =IF(AL77=AT$3,"",AT$3) -> Peter | AU77: =IF(AM77=AU$3,"",AU$3) | AV77: =IF(AN77=AV$3,"",AV$3) -> Christian | AW77: =COUNTif(AS77:AV77,">0"&"*") -> 2 | AX77: =sum(AB77:AE77) -> 12 | AY77: =IFNA(IFS(AY$3=$AP77,"",$AX77=U77,AY$3),"") | AZ77: =IFNA(IFS(AZ$3=$AP77,"",$AX77=V77,AZ$3),"") | BA77: =IFNA(IFS(BA$3=$AP77,"",$AX77=W77,BA$3),"") -> Janus | BB77: =IFNA(IFS(BB$3=$AP77,"",$AX77=X77,BB$3),"") | BC77: =OFFSET('00_Regnskab_01'!$A$1,MATCH(A77,'00_Regnskab_01'!$A$1:$A$25)-1,2) -> 43491 | BE77: =if(U77>0,1+BE76,0) -> 1 | BF77: =if(V77>0,1+BF76,0) -> 0 | BG77: =if(W77>0,1+BG76,0) -> 2 | BH77: =if(X77>0,1+BH76,0) -> 0 | BJ77: =if(U77<0,1+BJ76,0) -> 0 | BK77: =if(V77<0,1+BK76,0) -> 2 | BL77: =if(W77<0,1+BL76,0) -> 0 | BM77: =if(X77<0,1+BM76,0) -> 1 | BO77: =if(U77>0,U77+BO76,0) -> 12 | BP77: =if(V77>0,V77+BP76,0) -> 0 | BQ77: =if(W77>0,W77+BQ76,0) -> 44 | BR77: =if(X77>0,X77+BR76,0) -> 0 | BT77: =if(U77<0,U77+BT76,0) -> 0 | BU77: =if(V77<0,V77+BU76,0) -> -44 | BV77: =if(W77<0,W77+BV76,0) -> 0 | BW77: =if(X77<0,X77+BW76,0) -> -12
A78: 9 | B78: ='09_26-01-2019'!A21 -> 18 | C78: ='09_26-01-2019'!B21 -> -180 | D78: ='09_26-01-2019'!C21 -> -44 | E78: ='09_26-01-2019'!D21 -> 226 | F78: ='09_26-01-2019'!E21 -> -2 | G78: ='09_26-01-2019'!F21 -> 0 | H78: ='09_26-01-2019'!G21 -> Christian | J78: ='09_26-01-2019'!H21 -> Janus | K78: ='09_26-01-2019'!I21 -> sol | N78: Sol | U78: =C78-C77 -> -8 | V78: =D78-D77 -> -8 | W78: =E78-E77 -> -8 | X78: =F78-F77 -> 24 | AB78: =IF(AB$3=$H78,U78,"") | AC78: =IF(AC$3=$H78,V78,"") | AD78: =IF(AD$3=$H78,W78,"") | AE78: =IF(AE$3=$H78,X78,"") -> 24 | AH78: =MAXIFS(AB78:AE78,AB78:AE78, ">-1") -> 24 | AI78: =MINIFS(AB78:AE78,AB78:AE78, "<0") -> 0 | AK78: =IF(U78>0,AK$3,"") | AL78: =IF(V78>0,AL$3,"") | AM78: =IF(W78>0,AM$3,"") | AN78: =IF(X78>0,AN$3,"") -> Christian | AO78: =COUNTif(AK78:AN78,">0"&"*") -> 1 | AP78: =H78 -> Christian | AQ78: =IFERROR(__xludf.DUMMYFUNCTION("IFNA(QUERY(transpose(AY78:BB78),""Select Col1 where Col1 is not null limit 1"",0))"),"") | AS78: =IF(AK78=AS$3,"",AS$3) -> Thomas | AT78: =IF(AL78=AT$3,"",AT$3) -> Peter | AU78: =IF(AM78=AU$3,"",AU$3) -> Janus | AV78: =IF(AN78=AV$3,"",AV$3) | AW78: =COUNTif(AS78:AV78,">0"&"*") -> 3 | AX78: =sum(AB78:AE78) -> 24 | AY78: =IFNA(IFS(AY$3=$AP78,"",$AX78=U78,AY$3),"") | AZ78: =IFNA(IFS(AZ$3=$AP78,"",$AX78=V78,AZ$3),"") | BA78: =IFNA(IFS(BA$3=$AP78,"",$AX78=W78,BA$3),"") | BB78: =IFNA(IFS(BB$3=$AP78,"",$AX78=X78,BB$3),"") | BC78: =OFFSET('00_Regnskab_01'!$A$1,MATCH(A78,'00_Regnskab_01'!$A$1:$A$25)-1,2) -> 43491 | BE78: =if(U78>0,1+BE77,0) -> 0 | BF78: =if(V78>0,1+BF77,0) -> 0 | BG78: =if(W78>0,1+BG77,0) -> 0 | BH78: =if(X78>0,1+BH77,0) -> 1 | BJ78: =if(U78<0,1+BJ77,0) -> 1 | BK78: =if(V78<0,1+BK77,0) -> 3 | BL78: =if(W78<0,1+BL77,0) -> 1 | BM78: =if(X78<0,1+BM77,0) -> 0 | BO78: =if(U78>0,U78+BO77,0) -> 0 | BP78: =if(V78>0,V78+BP77,0) -> 0 | BQ78: =if(W78>0,W78+BQ77,0) -> 0 | BR78: =if(X78>0,X78+BR77,0) -> 24 | BT78: =if(U78<0,U78+BT77,0) -> -8 | BU78: =if(V78<0,V78+BU77,0) -> -52 | BV78: =if(W78<0,W78+BV77,0) -> -8 | BW78: =if(X78<0,X78+BW77,0) -> 0
A79: 9 | B79: ='09_26-01-2019'!A22 -> 19 | C79: ='09_26-01-2019'!B22 -> -168 | D79: ='09_26-01-2019'!C22 -> -48 | E79: ='09_26-01-2019'!D22 -> 222 | F79: ='09_26-01-2019'!E22 -> -6 | G79: ='09_26-01-2019'!F22 -> 0 | H79: ='09_26-01-2019'!G22 -> Thomas | J79: ='09_26-01-2019'!H22 -> Christian | K79: ='09_26-01-2019'!I22 -> sol | N79: Sol | U79: =C79-C78 -> 12 | V79: =D79-D78 -> -4 | W79: =E79-E78 -> -4 | X79: =F79-F78 -> -4 | AB79: =IF(AB$3=$H79,U79,"") -> 12 | AC79: =IF(AC$3=$H79,V79,"") | AD79: =IF(AD$3=$H79,W79,"") | AE79: =IF(AE$3=$H79,X79,"") | AH79: =MAXIFS(AB79:AE79,AB79:AE79, ">-1") -> 12 | AI79: =MINIFS(AB79:AE79,AB79:AE79, "<0") -> 0 | AK79: =IF(U79>0,AK$3,"") -> Thomas | AL79: =IF(V79>0,AL$3,"") | AM79: =IF(W79>0,AM$3,"") | AN79: =IF(X79>0,AN$3,"") | AO79: =COUNTif(AK79:AN79,">0"&"*") -> 1 | AP79: =H79 -> Thomas | AQ79: =IFERROR(__xludf.DUMMYFUNCTION("IFNA(QUERY(transpose(AY79:BB79),""Select Col1 where Col1 is not null limit 1"",0))"),"") | AS79: =IF(AK79=AS$3,"",AS$3) | AT79: =IF(AL79=AT$3,"",AT$3) -> Peter | AU79: =IF(AM79=AU$3,"",AU$3) -> Janus | AV79: =IF(AN79=AV$3,"",AV$3) -> Christian | AW79: =COUNTif(AS79:AV79,">0"&"*") -> 3 | AX79: =sum(AB79:AE79) -> 12 | AY79: =IFNA(IFS(AY$3=$AP79,"",$AX79=U79,AY$3),"") | AZ79: =IFNA(IFS(AZ$3=$AP79,"",$AX79=V79,AZ$3),"") | BA79: =IFNA(IFS(BA$3=$AP79,"",$AX79=W79,BA$3),"") | BB79: =IFNA(IFS(BB$3=$AP79,"",$AX79=X79,BB$3),"") | BC79: =OFFSET('00_Regnskab_01'!$A$1,MATCH(A79,'00_Regnskab_01'!$A$1:$A$25)-1,2) -> 43491 | BE79: =if(U79>0,1+BE78,0) -> 1 | BF79: =if(V79>0,1+BF78,0) -> 0 | BG79: =if(W79>0,1+BG78,0) -> 0 | BH79: =if(X79>0,1+BH78,0) -> 0 | BJ79: =if(U79<0,1+BJ78,0) -> 0 | BK79: =if(V79<0,1+BK78,0) -> 4 | BL79: =if(W79<0,1+BL78,0) -> 2 | BM79: =if(X79<0,1+BM78,0) -> 1 | BO79: =if(U79>0,U79+BO78,0) -> 12 | BP79: =if(V79>0,V79+BP78,0) -> 0 | BQ79: =if(W79>0,W79+BQ78,0) -> 0 | BR79: =if(X79>0,X79+BR78,0) -> 0 | BT79: =if(U79<0,U79+BT78,0) -> 0 | BU79: =if(V79<0,V79+BU78,0) -> -56 | BV79: =if(W79<0,W79+BV78,0) -> -12 | BW79: =if(X79<0,X79+BW78,0) -> -4
A80: 9 | B80: ='09_26-01-2019'!A23 -> 20 | C80: ='09_26-01-2019'!B23 -> -180 | D80: ='09_26-01-2019'!C23 -> -60 | E80: ='09_26-01-2019'!D23 -> 234 | F80: ='09_26-01-2019'!E23 -> 6 | G80: ='09_26-01-2019'!F23 -> 0 | H80: ='09_26-01-2019'!G23 -> Peter | J80: ='09_26-01-2019'!H23 -> Thomas | K80: ='09_26-01-2019'!I23 -> 9 halve | M80: 9 | N80: Halve | U80: =C80-C79 -> -12 | V80: =D80-D79 -> -12 | W80: =E80-E79 -> 12 | X80: =F80-F79 -> 12 | AB80: =IF(AB$3=$H80,U80,"") | AC80: =IF(AC$3=$H80,V80,"") -> -12 | AD80: =IF(AD$3=$H80,W80,"") | AE80: =IF(AE$3=$H80,X80,"") | AH80: =MAXIFS(AB80:AE80,AB80:AE80, ">-1") -> 0 | AI80: =MINIFS(AB80:AE80,AB80:AE80, "<0") -> -12 | AK80: =IF(U80>0,AK$3,"") | AL80: =IF(V80>0,AL$3,"") | AM80: =IF(W80>0,AM$3,"") -> Janus | AN80: =IF(X80>0,AN$3,"") -> Christian | AO80: =COUNTif(AK80:AN80,">0"&"*") -> 2 | AP80: =H80 -> Peter | AQ80: =IFERROR(__xludf.DUMMYFUNCTION("IFNA(QUERY(transpose(AY80:BB80),""Select Col1 where Col1 is not null limit 1"",0))"),"Thomas") -> Thomas | AS80: =IF(AK80=AS$3,"",AS$3) -> Thomas | AT80: =IF(AL80=AT$3,"",AT$3) -> Peter | AU80: =IF(AM80=AU$3,"",AU$3) | AV80: =IF(AN80=AV$3,"",AV$3) | AW80: =COUNTif(AS80:AV80,">0"&"*") -> 2 | AX80: =sum(AB80:AE80) -> -12 | AY80: =IFNA(IFS(AY$3=$AP80,"",$AX80=U80,AY$3),"") -> Thomas | AZ80: =IFNA(IFS(AZ$3=$AP80,"",$AX80=V80,AZ$3),"") | BA80: =IFNA(IFS(BA$3=$AP80,"",$AX80=W80,BA$3),"") | BB80: =IFNA(IFS(BB$3=$AP80,"",$AX80=X80,BB$3),"") | BC80: =OFFSET('00_Regnskab_01'!$A$1,MATCH(A80,'00_Regnskab_01'!$A$1:$A$25)-1,2) -> 43491 | BE80: =if(U80>0,1+BE79,0) -> 0 | BF80: =if(V80>0,1+BF79,0) -> 0 | BG80: =if(W80>0,1+BG79,0) -> 1 | BH80: =if(X80>0,1+BH79,0) -> 1 | BJ80: =if(U80<0,1+BJ79,0) -> 1 | BK80: =if(V80<0,1+BK79,0) -> 5 | BL80: =if(W80<0,1+BL79,0) -> 0 | BM80: =if(X80<0,1+BM79,0) -> 0 | BO80: =if(U80>0,U80+BO79,0) -> 0 | BP80: =if(V80>0,V80+BP79,0) -> 0 | BQ80: =if(W80>0,W80+BQ79,0) -> 12 | BR80: =if(X80>0,X80+BR79,0) -> 12 | BT80: =if(U80<0,U80+BT79,0) -> -12 | BU80: =if(V80<0,V80+BU79,0) -> -68 | BV80: =if(W80<0,W80+BV79,0) -> 0 | BW80: =if(X80<0,X80+BW79,0) -> 0
A81: 9 | B81: ='09_26-01-2019'!A24 -> 21 | C81: ='09_26-01-2019'!B24 -> -168 | D81: ='09_26-01-2019'!C24 -> -72 | E81: ='09_26-01-2019'!D24 -> 246 | F81: ='09_26-01-2019'!E24 -> -6 | G81: ='09_26-01-2019'!F24 -> 0 | H81: ='09_26-01-2019'!G24 -> Christian | J81: ='09_26-01-2019'!H24 -> Peter | K81: ='09_26-01-2019'!I24 -> 9 halve | M81: 9 | N81: Halve | U81: =C81-C80 -> 12 | V81: =D81-D80 -> -12 | W81: =E81-E80 -> 12 | X81: =F81-F80 -> -12 | AB81: =IF(AB$3=$H81,U81,"") | AC81: =IF(AC$3=$H81,V81,"") | AD81: =IF(AD$3=$H81,W81,"") | AE81: =IF(AE$3=$H81,X81,"") -> -12 | AH81: =MAXIFS(AB81:AE81,AB81:AE81, ">-1") -> 0 | AI81: =MINIFS(AB81:AE81,AB81:AE81, "<0") -> -12 | AK81: =IF(U81>0,AK$3,"") -> Thomas | AL81: =IF(V81>0,AL$3,"") | AM81: =IF(W81>0,AM$3,"") -> Janus | AN81: =IF(X81>0,AN$3,"") | AO81: =COUNTif(AK81:AN81,">0"&"*") -> 2 | AP81: =H81 -> Christian | AQ81: =IFERROR(__xludf.DUMMYFUNCTION("IFNA(QUERY(transpose(AY81:BB81),""Select Col1 where Col1 is not null limit 1"",0))"),"Peter") -> Peter | AS81: =IF(AK81=AS$3,"",AS$3) | AT81: =IF(AL81=AT$3,"",AT$3) -> Peter | AU81: =IF(AM81=AU$3,"",AU$3) | AV81: =IF(AN81=AV$3,"",AV$3) -> Christian | AW81: =COUNTif(AS81:AV81,">0"&"*") -> 2 | AX81: =sum(AB81:AE81) -> -12 | AY81: =IFNA(IFS(AY$3=$AP81,"",$AX81=U81,AY$3),"") | AZ81: =IFNA(IFS(AZ$3=$AP81,"",$AX81=V81,AZ$3),"") -> Peter | BA81: =IFNA(IFS(BA$3=$AP81,"",$AX81=W81,BA$3),"") | BB81: =IFNA(IFS(BB$3=$AP81,"",$AX81=X81,BB$3),"") | BC81: =OFFSET('00_Regnskab_01'!$A$1,MATCH(A81,'00_Regnskab_01'!$A$1:$A$25)-1,2) -> 43491 | BE81: =if(U81>0,1+BE80,0) -> 1 | BF81: =if(V81>0,1+BF80,0) -> 0 | BG81: =if(W81>0,1+BG80,0) -> 2 | BH81: =if(X81>0,1+BH80,0) -> 0 | BJ81: =if(U81<0,1+BJ80,0) -> 0 | BK81: =if(V81<0,1+BK80,0) -> 6 | BL81: =if(W81<0,1+BL80,0) -> 0 | BM81: =if(X81<0,1+BM80,0) -> 1 | BO81: =if(U81>0,U81+BO80,0) -> 12 | BP81: =if(V81>0,V81+BP80,0) -> 0 | BQ81: =if(W81>0,W81+BQ80,0) -> 24 | BR81: =if(X81>0,X81+BR80,0) -> 0 | BT81: =if(U81<0,U81+BT80,0) -> 0 | BU81: =if(V81<0,V81+BU80,0) -> -80 | BV81: =if(W81<0,W81+BV80,0) -> 0 | BW81: =if(X81<0,X81+BW80,0) -> -12
A82: 9 | B82: ='09_26-01-2019'!A25 -> 22 | C82: ='09_26-01-2019'!B25 -> -180 | D82: ='09_26-01-2019'!C25 -> -60 | E82: ='09_26-01-2019'!D25 -> 234 | F82: ='09_26-01-2019'!E25 -> 6 | G82: ='09_26-01-2019'!F25 -> 0 | H82: ='09_26-01-2019'!G25 -> Thomas | J82: ='09_26-01-2019'!H25 -> Janus | K82: ='09_26-01-2019'!I25 -> 9 halve | M82: 9 | N82: Halve | U82: =C82-C81 -> -12 | V82: =D82-D81 -> 12 | W82: =E82-E81 -> -12 | X82: =F82-F81 -> 12 | AB82: =IF(AB$3=$H82,U82,"") -> -12 | AC82: =IF(AC$3=$H82,V82,"") | AD82: =IF(AD$3=$H82,W82,"") | AE82: =IF(AE$3=$H82,X82,"") | AH82: =MAXIFS(AB82:AE82,AB82:AE82, ">-1") -> 0 | AI82: =MINIFS(AB82:AE82,AB82:AE82, "<0") -> -12 | AK82: =IF(U82>0,AK$3,"") | AL82: =IF(V82>0,AL$3,"") -> Peter | AM82: =IF(W82>0,AM$3,"") | AN82: =IF(X82>0,AN$3,"") -> Christian | AO82: =COUNTif(AK82:AN82,">0"&"*") -> 2 | AP82: =H82 -> Thomas | AQ82: =IFERROR(__xludf.DUMMYFUNCTION("IFNA(QUERY(transpose(AY82:BB82),""Select Col1 where Col1 is not null limit 1"",0))"),"Janus") -> Janus | AS82: =IF(AK82=AS$3,"",AS$3) -> Thomas | AT82: =IF(AL82=AT$3,"",AT$3) | AU82: =IF(AM82=AU$3,"",AU$3) -> Janus | AV82: =IF(AN82=AV$3,"",AV$3) | AW82: =COUNTif(AS82:AV82,">0"&"*") -> 2 | AX82: =sum(AB82:AE82) -> -12 | AY82: =IFNA(IFS(AY$3=$AP82,"",$AX82=U82,AY$3),"") | AZ82: =IFNA(IFS(AZ$3=$AP82,"",$AX82=V82,AZ$3),"") | BA82: =IFNA(IFS(BA$3=$AP82,"",$AX82=W82,BA$3),"") -> Janus | BB82: =IFNA(IFS(BB$3=$AP82,"",$AX82=X82,BB$3),"") | BC82: =OFFSET('00_Regnskab_01'!$A$1,MATCH(A82,'00_Regnskab_01'!$A$1:$A$25)-1,2) -> 43491 | BE82: =if(U82>0,1+BE81,0) -> 0 | BF82: =if(V82>0,1+BF81,0) -> 1 | BG82: =if(W82>0,1+BG81,0) -> 0 | BH82: =if(X82>0,1+BH81,0) -> 1 | BJ82: =if(U82<0,1+BJ81,0) -> 1 | BK82: =if(V82<0,1+BK81,0) -> 0 | BL82: =if(W82<0,1+BL81,0) -> 1 | BM82: =if(X82<0,1+BM81,0) -> 0 | BO82: =if(U82>0,U82+BO81,0) -> 0 | BP82: =if(V82>0,V82+BP81,0) -> 12 | BQ82: =if(W82>0,W82+BQ81,0) -> 0 | BR82: =if(X82>0,X82+BR81,0) -> 12 | BT82: =if(U82<0,U82+BT81,0) -> -12 | BU82: =if(V82<0,V82+BU81,0) -> 0 | BV82: =if(W82<0,W82+BV81,0) -> -12 | BW82: =if(X82<0,X82+BW81,0) -> 0
A83: 9 | B83: ='09_26-01-2019'!A26 -> 23 | C83: ='09_26-01-2019'!B26 -> -168 | D83: ='09_26-01-2019'!C26 -> -48 | E83: ='09_26-01-2019'!D26 -> 198 | F83: ='09_26-01-2019'!E26 -> 18 | G83: ='09_26-01-2019'!F26 -> 0 | H83: ='09_26-01-2019'!G26 -> Janus | J83: ='09_26-01-2019'!H26 -> Christian | K83: ='09_26-01-2019'!I26 -> 9 halve (selvmakker) | M83: 9 | N83: Halve | R83: x | U83: =C83-C82 -> 12 | V83: =D83-D82 -> 12 | W83: =E83-E82 -> -36 | X83: =F83-F82 -> 12 | AB83: =IF(AB$3=$H83,U83,"") | AC83: =IF(AC$3=$H83,V83,"") | AD83: =IF(AD$3=$H83,W83,"") -> -36 | AE83: =IF(AE$3=$H83,X83,"") | AH83: =MAXIFS(AB83:AE83,AB83:AE83, ">-1") -> 0 | AI83: =MINIFS(AB83:AE83,AB83:AE83, "<0") -> -36 | AK83: =IF(U83>0,AK$3,"") -> Thomas | AL83: =IF(V83>0,AL$3,"") -> Peter | AM83: =IF(W83>0,AM$3,"") | AN83: =IF(X83>0,AN$3,"") -> Christian | AO83: =COUNTif(AK83:AN83,">0"&"*") -> 3 | AP83: =H83 -> Janus | AQ83: =IFERROR(__xludf.DUMMYFUNCTION("IFNA(QUERY(transpose(AY83:BB83),""Select Col1 where Col1 is not null limit 1"",0))"),"") | AS83: =IF(AK83=AS$3,"",AS$3) | AT83: =IF(AL83=AT$3,"",AT$3) | AU83: =IF(AM83=AU$3,"",AU$3) -> Janus | AV83: =IF(AN83=AV$3,"",AV$3) | AW83: =COUNTif(AS83:AV83,">0"&"*") -> 1 | AX83: =sum(AB83:AE83) -> -36 | AY83: =IFNA(IFS(AY$3=$AP83,"",$AX83=U83,AY$3),"") | AZ83: =IFNA(IFS(AZ$3=$AP83,"",$AX83=V83,AZ$3),"") | BA83: =IFNA(IFS(BA$3=$AP83,"",$AX83=W83,BA$3),"") | BB83: =IFNA(IFS(BB$3=$AP83,"",$AX83=X83,BB$3),"") | BC83: =OFFSET('00_Regnskab_01'!$A$1,MATCH(A83,'00_Regnskab_01'!$A$1:$A$25)-1,2) -> 43491 | BE83: =if(U83>0,1+BE82,0) -> 1 | BF83: =if(V83>0,1+BF82,0) -> 2 | BG83: =if(W83>0,1+BG82,0) -> 0 | BH83: =if(X83>0,1+BH82,0) -> 2 | BJ83: =if(U83<0,1+BJ82,0) -> 0 | BK83: =if(V83<0,1+BK82,0) -> 0 | BL83: =if(W83<0,1+BL82,0) -> 2 | BM83: =if(X83<0,1+BM82,0) -> 0 | BO83: =if(U83>0,U83+BO82,0) -> 12 | BP83: =if(V83>0,V83+BP82,0) -> 24 | BQ83: =if(W83>0,W83+BQ82,0) -> 0 | BR83: =if(X83>0,X83+BR82,0) -> 24 | BT83: =if(U83<0,U83+BT82,0) -> 0 | BU83: =if(V83<0,V83+BU82,0) -> 0 | BV83: =if(W83<0,W83+BV82,0) -> -48 | BW83: =if(X83<0,X83+BW82,0) -> 0
A84: 9 | B84: ='09_26-01-2019'!A27 -> 24 | C84: ='09_26-01-2019'!B27 -> -72 | D84: ='09_26-01-2019'!C27 -> -144 | E84: ='09_26-01-2019'!D27 -> 294 | F84: ='09_26-01-2019'!E27 -> -78 | G84: ='09_26-01-2019'!F27 -> 0 | H84: ='09_26-01-2019'!G27 -> Thomas | J84: ='09_26-01-2019'!H27 -> Thomas | K84: ='09_26-01-2019'!I27 -> 9 vip i 3. (gode) | M84: 9 | N84: Vip | O84: 3 | P84: x | U84: =C84-C83 -> 96 | V84: =D84-D83 -> -96 | W84: =E84-E83 -> 96 | X84: =F84-F83 -> -96 | AB84: =IF(AB$3=$H84,U84,"") -> 96 | AC84: =IF(AC$3=$H84,V84,"") | AD84: =IF(AD$3=$H84,W84,"") | AE84: =IF(AE$3=$H84,X84,"") | AH84: =MAXIFS(AB84:AE84,AB84:AE84, ">-1") -> 96 | AI84: =MINIFS(AB84:AE84,AB84:AE84, "<0") -> 0 | AK84: =IF(U84>0,AK$3,"") -> Thomas | AL84: =IF(V84>0,AL$3,"") | AM84: =IF(W84>0,AM$3,"") -> Janus | AN84: =IF(X84>0,AN$3,"") | AO84: =COUNTif(AK84:AN84,">0"&"*") -> 2 | AP84: =H84 -> Thomas | AQ84: =IFERROR(__xludf.DUMMYFUNCTION("IFNA(QUERY(transpose(AY84:BB84),""Select Col1 where Col1 is not null limit 1"",0))"),"Janus") -> Janus | AS84: =IF(AK84=AS$3,"",AS$3) | AT84: =IF(AL84=AT$3,"",AT$3) -> Peter | AU84: =IF(AM84=AU$3,"",AU$3) | AV84: =IF(AN84=AV$3,"",AV$3) -> Christian | AW84: =COUNTif(AS84:AV84,">0"&"*") -> 2 | AX84: =sum(AB84:AE84) -> 96 | AY84: =IFNA(IFS(AY$3=$AP84,"",$AX84=U84,AY$3),"") | AZ84: =IFNA(IFS(AZ$3=$AP84,"",$AX84=V84,AZ$3),"") | BA84: =IFNA(IFS(BA$3=$AP84,"",$AX84=W84,BA$3),"") -> Janus | BB84: =IFNA(IFS(BB$3=$AP84,"",$AX84=X84,BB$3),"") | BC84: =OFFSET('00_Regnskab_01'!$A$1,MATCH(A84,'00_Regnskab_01'!$A$1:$A$25)-1,2) -> 43491 | BE84: =if(U84>0,1+BE83,0) -> 2 | BF84: =if(V84>0,1+BF83,0) -> 0 | BG84: =if(W84>0,1+BG83,0) -> 1 | BH84: =if(X84>0,1+BH83,0) -> 0 | BJ84: =if(U84<0,1+BJ83,0) -> 0 | BK84: =if(V84<0,1+BK83,0) -> 1 | BL84: =if(W84<0,1+BL83,0) -> 0 | BM84: =if(X84<0,1+BM83,0) -> 1 | BO84: =if(U84>0,U84+BO83,0) -> 108 | BP84: =if(V84>0,V84+BP83,0) -> 0 | BQ84: =if(W84>0,W84+BQ83,0) -> 96 | BR84: =if(X84>0,X84+BR83,0) -> 0 | BT84: =if(U84<0,U84+BT83,0) -> 0 | BU84: =if(V84<0,V84+BU83,0) -> -96 | BV84: =if(W84<0,W84+BV83,0) -> 0 | BW84: =if(X84<0,X84+BW83,0) -> -96
A85: 9 | B85: ='09_26-01-2019'!A28 -> 25 | C85: ='09_26-01-2019'!B28 -> -56 | D85: ='09_26-01-2019'!C28 -> -160 | E85: ='09_26-01-2019'!D28 -> 278 | F85: ='09_26-01-2019'!E28 -> -62 | G85: ='09_26-01-2019'!F28 -> 0 | H85: ='09_26-01-2019'!G28 -> Thomas | J85: ='09_26-01-2019'!H28 -> Peter | K85: ='09_26-01-2019'!I28 -> 9 gode | M85: 9 | N85: Gode | U85: =C85-C84 -> 16 | V85: =D85-D84 -> -16 | W85: =E85-E84 -> -16 | X85: =F85-F84 -> 16 | AB85: =IF(AB$3=$H85,U85,"") -> 16 | AC85: =IF(AC$3=$H85,V85,"") | AD85: =IF(AD$3=$H85,W85,"") | AE85: =IF(AE$3=$H85,X85,"") | AH85: =MAXIFS(AB85:AE85,AB85:AE85, ">-1") -> 16 | AI85: =MINIFS(AB85:AE85,AB85:AE85, "<0") -> 0 | AK85: =IF(U85>0,AK$3,"") -> Thomas | AL85: =IF(V85>0,AL$3,"") | AM85: =IF(W85>0,AM$3,"") | AN85: =IF(X85>0,AN$3,"") -> Christian | AO85: =COUNTif(AK85:AN85,">0"&"*") -> 2 | AP85: =H85 -> Thomas | AQ85: =IFERROR(__xludf.DUMMYFUNCTION("IFNA(QUERY(transpose(AY85:BB85),""Select Col1 where Col1 is not null limit 1"",0))"),"Christian") -> Christian | AS85: =IF(AK85=AS$3,"",AS$3) | AT85: =IF(AL85=AT$3,"",AT$3) -> Peter | AU85: =IF(AM85=AU$3,"",AU$3) -> Janus | AV85: =IF(AN85=AV$3,"",AV$3) | AW85: =COUNTif(AS85:AV85,">0"&"*") -> 2 | AX85: =sum(AB85:AE85) -> 16 | AY85: =IFNA(IFS(AY$3=$AP85,"",$AX85=U85,AY$3),"") | AZ85: =IFNA(IFS(AZ$3=$AP85,"",$AX85=V85,AZ$3),"") | BA85: =IFNA(IFS(BA$3=$AP85,"",$AX85=W85,BA$3),"") | BB85: =IFNA(IFS(BB$3=$AP85,"",$AX85=X85,BB$3),"") -> Christian | BC85: =OFFSET('00_Regnskab_01'!$A$1,MATCH(A85,'00_Regnskab_01'!$A$1:$A$25)-1,2) -> 43491 | BE85: =if(U85>0,1+BE84,0) -> 3 | BF85: =if(V85>0,1+BF84,0) -> 0 | BG85: =if(W85>0,1+BG84,0) -> 0 | BH85: =if(X85>0,1+BH84,0) -> 1 | BJ85: =if(U85<0,1+BJ84,0) -> 0 | BK85: =if(V85<0,1+BK84,0) -> 2 | BL85: =if(W85<0,1+BL84,0) -> 1 | BM85: =if(X85<0,1+BM84,0) -> 0 | BO85: =if(U85>0,U85+BO84,0) -> 124 | BP85: =if(V85>0,V85+BP84,0) -> 0 | BQ85: =if(W85>0,W85+BQ84,0) -> 0 | BR85: =if(X85>0,X85+BR84,0) -> 16 | BT85: =if(U85<0,U85+BT84,0) -> 0 | BU85: =if(V85<0,V85+BU84,0) -> -112 | BV85: =if(W85<0,W85+BV84,0) -> -16 | BW85: =if(X85<0,X85+BW84,0) -> 0
A86: 9 | B86: ='09_26-01-2019'!A29 -> 26 | C86: ='09_26-01-2019'!B29 -> -44 | D86: ='09_26-01-2019'!C29 -> -172 | E86: ='09_26-01-2019'!D29 -> 266 | F86: ='09_26-01-2019'!E29 -> -50 | G86: ='09_26-01-2019'!F29 -> 0 | H86: ='09_26-01-2019'!G29 -> Janus | J86: ='09_26-01-2019'!H29 -> Janus | K86: ='09_26-01-2019'!I29 -> 9 halve | M86: 9 | N86: Halve | U86: =C86-C85 -> 12 | V86: =D86-D85 -> -12 | W86: =E86-E85 -> -12 | X86: =F86-F85 -> 12 | AB86: =IF(AB$3=$H86,U86,"") | AC86: =IF(AC$3=$H86,V86,"") | AD86: =IF(AD$3=$H86,W86,"") -> -12 | AE86: =IF(AE$3=$H86,X86,"") | AH86: =MAXIFS(AB86:AE86,AB86:AE86, ">-1") -> 0 | AI86: =MINIFS(AB86:AE86,AB86:AE86, "<0") -> -12 | AK86: =IF(U86>0,AK$3,"") -> Thomas | AL86: =IF(V86>0,AL$3,"") | AM86: =IF(W86>0,AM$3,"") | AN86: =IF(X86>0,AN$3,"") -> Christian | AO86: =COUNTif(AK86:AN86,">0"&"*") -> 2 | AP86: =H86 -> Janus | AQ86: =IFERROR(__xludf.DUMMYFUNCTION("IFNA(QUERY(transpose(AY86:BB86),""Select Col1 where Col1 is not null limit 1"",0))"),"Peter") -> Peter | AS86: =IF(AK86=AS$3,"",AS$3) | AT86: =IF(AL86=AT$3,"",AT$3) -> Peter | AU86: =IF(AM86=AU$3,"",AU$3) -> Janus | AV86: =IF(AN86=AV$3,"",AV$3) | AW86: =COUNTif(AS86:AV86,">0"&"*") -> 2 | AX86: =sum(AB86:AE86) -> -12 | AY86: =IFNA(IFS(AY$3=$AP86,"",$AX86=U86,AY$3),"") | AZ86: =IFNA(IFS(AZ$3=$AP86,"",$AX86=V86,AZ$3),"") -> Peter | BA86: =IFNA(IFS(BA$3=$AP86,"",$AX86=W86,BA$3),"") | BB86: =IFNA(IFS(BB$3=$AP86,"",$AX86=X86,BB$3),"") | BC86: =OFFSET('00_Regnskab_01'!$A$1,MATCH(A86,'00_Regnskab_01'!$A$1:$A$25)-1,2) -> 43491 | BE86: =if(U86>0,1+BE85,0) -> 4 | BF86: =if(V86>0,1+BF85,0) -> 0 | BG86: =if(W86>0,1+BG85,0) -> 0 | BH86: =if(X86>0,1+BH85,0) -> 2 | BJ86: =if(U86<0,1+BJ85,0) -> 0 | BK86: =if(V86<0,1+BK85,0) -> 3 | BL86: =if(W86<0,1+BL85,0) -> 2 | BM86: =if(X86<0,1+BM85,0) -> 0 | BO86: =if(U86>0,U86+BO85,0) -> 136 | BP86: =if(V86>0,V86+BP85,0) -> 0 | BQ86: =if(W86>0,W86+BQ85,0) -> 0 | BR86: =if(X86>0,X86+BR85,0) -> 28 | BT86: =if(U86<0,U86+BT85,0) -> 0 | BU86: =if(V86<0,V86+BU85,0) -> -124 | BV86: =if(W86<0,W86+BV85,0) -> -28 | BW86: =if(X86<0,X86+BW85,0) -> 0
A87: 9 | B87: ='09_26-01-2019'!A30 -> 27 | C87: ='09_26-01-2019'!B30 -> -20 | D87: ='09_26-01-2019'!C30 -> -196 | E87: ='09_26-01-2019'!D30 -> 290 | F87: ='09_26-01-2019'!E30 -> -74 | G87: ='09_26-01-2019'!F30 -> 0 | H87: ='09_26-01-2019'!G30 -> Peter | J87: ='09_26-01-2019'!H30 -> Christian | K87: ='09_26-01-2019'!I30 -> 9 vip i 2. | M87: 9 | N87: Vip | O87: 2 | U87: =C87-C86 -> 24 | V87: =D87-D86 -> -24 | W87: =E87-E86 -> 24 | X87: =F87-F86 -> -24 | AB87: =IF(AB$3=$H87,U87,"") | AC87: =IF(AC$3=$H87,V87,"") -> -24 | AD87: =IF(AD$3=$H87,W87,"") | AE87: =IF(AE$3=$H87,X87,"") | AH87: =MAXIFS(AB87:AE87,AB87:AE87, ">-1") -> 0 | AI87: =MINIFS(AB87:AE87,AB87:AE87, "<0") -> -24 | AK87: =IF(U87>0,AK$3,"") -> Thomas | AL87: =IF(V87>0,AL$3,"") | AM87: =IF(W87>0,AM$3,"") -> Janus | AN87: =IF(X87>0,AN$3,"") | AO87: =COUNTif(AK87:AN87,">0"&"*") -> 2 | AP87: =H87 -> Peter | AQ87: =IFERROR(__xludf.DUMMYFUNCTION("IFNA(QUERY(transpose(AY87:BB87),""Select Col1 where Col1 is not null limit 1"",0))"),"Christian") -> Christian | AS87: =IF(AK87=AS$3,"",AS$3) | AT87: =IF(AL87=AT$3,"",AT$3) -> Peter | AU87: =IF(AM87=AU$3,"",AU$3) | AV87: =IF(AN87=AV$3,"",AV$3) -> Christian | AW87: =COUNTif(AS87:AV87,">0"&"*") -> 2 | AX87: =sum(AB87:AE87) -> -24 | AY87: =IFNA(IFS(AY$3=$AP87,"",$AX87=U87,AY$3),"") | AZ87: =IFNA(IFS(AZ$3=$AP87,"",$AX87=V87,AZ$3),"") | BA87: =IFNA(IFS(BA$3=$AP87,"",$AX87=W87,BA$3),"") | BB87: =IFNA(IFS(BB$3=$AP87,"",$AX87=X87,BB$3),"") -> Christian | BC87: =OFFSET('00_Regnskab_01'!$A$1,MATCH(A87,'00_Regnskab_01'!$A$1:$A$25)-1,2) -> 43491 | BE87: =if(U87>0,1+BE86,0) -> 5 | BF87: =if(V87>0,1+BF86,0) -> 0 | BG87: =if(W87>0,1+BG86,0) -> 1 | BH87: =if(X87>0,1+BH86,0) -> 0 | BJ87: =if(U87<0,1+BJ86,0) -> 0 | BK87: =if(V87<0,1+BK86,0) -> 4 | BL87: =if(W87<0,1+BL86,0) -> 0 | BM87: =if(X87<0,1+BM86,0) -> 1 | BO87: =if(U87>0,U87+BO86,0) -> 160 | BP87: =if(V87>0,V87+BP86,0) -> 0 | BQ87: =if(W87>0,W87+BQ86,0) -> 24 | BR87: =if(X87>0,X87+BR86,0) -> 0 | BT87: =if(U87<0,U87+BT86,0) -> 0 | BU87: =if(V87<0,V87+BU86,0) -> -148 | BV87: =if(W87<0,W87+BV86,0) -> 0 | BW87: =if(X87<0,X87+BW86,0) -> -24
A88: 9 | B88: ='09_26-01-2019'!A31 -> 28 | C88: ='09_26-01-2019'!B31 -> -28 | D88: ='09_26-01-2019'!C31 -> -204 | E88: ='09_26-01-2019'!D31 -> 314 | F88: ='09_26-01-2019'!E31 -> -82 | G88: ='09_26-01-2019'!F31 -> 0 | H88: ='09_26-01-2019'!G31 -> Janus | J88: ='09_26-01-2019'!H31 -> Thomas | K88: ='09_26-01-2019'!I31 -> sol | N88: Sol | U88: =C88-C87 -> -8 | V88: =D88-D87 -> -8 | W88: =E88-E87 -> 24 | X88: =F88-F87 -> -8 | AB88: =IF(AB$3=$H88,U88,"") | AC88: =IF(AC$3=$H88,V88,"") | AD88: =IF(AD$3=$H88,W88,"") -> 24 | AE88: =IF(AE$3=$H88,X88,"") | AH88: =MAXIFS(AB88:AE88,AB88:AE88, ">-1") -> 24 | AI88: =MINIFS(AB88:AE88,AB88:AE88, "<0") -> 0 | AK88: =IF(U88>0,AK$3,"") | AL88: =IF(V88>0,AL$3,"") | AM88: =IF(W88>0,AM$3,"") -> Janus | AN88: =IF(X88>0,AN$3,"") | AO88: =COUNTif(AK88:AN88,">0"&"*") -> 1 | AP88: =H88 -> Janus | AQ88: =IFERROR(__xludf.DUMMYFUNCTION("IFNA(QUERY(transpose(AY88:BB88),""Select Col1 where Col1 is not null limit 1"",0))"),"") | AS88: =IF(AK88=AS$3,"",AS$3) -> Thomas | AT88: =IF(AL88=AT$3,"",AT$3) -> Peter | AU88: =IF(AM88=AU$3,"",AU$3) | AV88: =IF(AN88=AV$3,"",AV$3) -> Christian | AW88: =COUNTif(AS88:AV88,">0"&"*") -> 3 | AX88: =sum(AB88:AE88) -> 24 | AY88: =IFNA(IFS(AY$3=$AP88,"",$AX88=U88,AY$3),"") | AZ88: =IFNA(IFS(AZ$3=$AP88,"",$AX88=V88,AZ$3),"") | BA88: =IFNA(IFS(BA$3=$AP88,"",$AX88=W88,BA$3),"") | BB88: =IFNA(IFS(BB$3=$AP88,"",$AX88=X88,BB$3),"") | BC88: =OFFSET('00_Regnskab_01'!$A$1,MATCH(A88,'00_Regnskab_01'!$A$1:$A$25)-1,2) -> 43491 | BE88: =if(U88>0,1+BE87,0) -> 0 | BF88: =if(V88>0,1+BF87,0) -> 0 | BG88: =if(W88>0,1+BG87,0) -> 2 | BH88: =if(X88>0,1+BH87,0) -> 0 | BJ88: =if(U88<0,1+BJ87,0) -> 1 | BK88: =if(V88<0,1+BK87,0) -> 5 | BL88: =if(W88<0,1+BL87,0) -> 0 | BM88: =if(X88<0,1+BM87,0) -> 2 | BO88: =if(U88>0,U88+BO87,0) -> 0 | BP88: =if(V88>0,V88+BP87,0) -> 0 | BQ88: =if(W88>0,W88+BQ87,0) -> 48 | BR88: =if(X88>0,X88+BR87,0) -> 0 | BT88: =if(U88<0,U88+BT87,0) -> -8 | BU88: =if(V88<0,V88+BU87,0) -> -156 | BV88: =if(W88<0,W88+BV87,0) -> 0 | BW88: =if(X88<0,X88+BW87,0) -> -32
A89: 9 | B89: ='09_26-01-2019'!A32 -> 29 | C89: ='09_26-01-2019'!B32 -> -44 | D89: ='09_26-01-2019'!C32 -> -156 | E89: ='09_26-01-2019'!D32 -> 298 | F89: ='09_26-01-2019'!E32 -> -98 | G89: ='09_26-01-2019'!F32 -> 0 | H89: ='09_26-01-2019'!G32 -> Peter | J89: ='09_26-01-2019'!H32 -> Peter | K89: ='09_26-01-2019'!I32 -> 9 gode | M89: 9 | N89: Gode | U89: =C89-C88 -> -16 | V89: =D89-D88 -> 48 | W89: =E89-E88 -> -16 | X89: =F89-F88 -> -16 | AB89: =IF(AB$3=$H89,U89,"") | AC89: =IF(AC$3=$H89,V89,"") -> 48 | AD89: =IF(AD$3=$H89,W89,"") | AE89: =IF(AE$3=$H89,X89,"") | AH89: =MAXIFS(AB89:AE89,AB89:AE89, ">-1") -> 48 | AI89: =MINIFS(AB89:AE89,AB89:AE89, "<0") -> 0 | AK89: =IF(U89>0,AK$3,"") | AL89: =IF(V89>0,AL$3,"") -> Peter | AM89: =IF(W89>0,AM$3,"") | AN89: =IF(X89>0,AN$3,"") | AO89: =COUNTif(AK89:AN89,">0"&"*") -> 1 | AP89: =H89 -> Peter | AQ89: =IFERROR(__xludf.DUMMYFUNCTION("IFNA(QUERY(transpose(AY89:BB89),""Select Col1 where Col1 is not null limit 1"",0))"),"") | AS89: =IF(AK89=AS$3,"",AS$3) -> Thomas | AT89: =IF(AL89=AT$3,"",AT$3) | AU89: =IF(AM89=AU$3,"",AU$3) -> Janus | AV89: =IF(AN89=AV$3,"",AV$3) -> Christian | AW89: =COUNTif(AS89:AV89,">0"&"*") -> 3 | AX89: =sum(AB89:AE89) -> 48 | AY89: =IFNA(IFS(AY$3=$AP89,"",$AX89=U89,AY$3),"") | AZ89: =IFNA(IFS(AZ$3=$AP89,"",$AX89=V89,AZ$3),"") | BA89: =IFNA(IFS(BA$3=$AP89,"",$AX89=W89,BA$3),"") | BB89: =IFNA(IFS(BB$3=$AP89,"",$AX89=X89,BB$3),"") | BC89: =OFFSET('00_Regnskab_01'!$A$1,MATCH(A89,'00_Regnskab_01'!$A$1:$A$25)-1,2) -> 43491 | BE89: =if(U89>0,1+BE88,0) -> 0 | BF89: =if(V89>0,1+BF88,0) -> 1 | BG89: =if(W89>0,1+BG88,0) -> 0 | BH89: =if(X89>0,1+BH88,0) -> 0 | BJ89: =if(U89<0,1+BJ88,0) -> 2 | BK89: =if(V89<0,1+BK88,0) -> 0 | BL89: =if(W89<0,1+BL88,0) -> 1 | BM89: =if(X89<0,1+BM88,0) -> 3 | BO89: =if(U89>0,U89+BO88,0) -> 0 | BP89: =if(V89>0,V89+BP88,0) -> 48 | BQ89: =if(W89>0,W89+BQ88,0) -> 0 | BR89: =if(X89>0,X89+BR88,0) -> 0 | BT89: =if(U89<0,U89+BT88,0) -> -24 | BU89: =if(V89<0,V89+BU88,0) -> 0 | BV89: =if(W89<0,W89+BV88,0) -> -16 | BW89: =if(X89<0,X89+BW88,0) -> -48
A90: 9 | B90: ='09_26-01-2019'!A33 -> 30 | C90: ='09_26-01-2019'!B33 -> -32 | D90: ='09_26-01-2019'!C33 -> -168 | E90: ='09_26-01-2019'!D33 -> 286 | F90: ='09_26-01-2019'!E33 -> -86 | G90: ='09_26-01-2019'!F33 -> 0 | H90: ='09_26-01-2019'!G33 -> Thomas | J90: ='09_26-01-2019'!H33 -> Janus | K90: ='09_26-01-2019'!I33 -> 9 vip i 1. | M90: 9 | N90: Vip | O90: 1 | U90: =C90-C89 -> 12 | V90: =D90-D89 -> -12 | W90: =E90-E89 -> -12 | X90: =F90-F89 -> 12 | AB90: =IF(AB$3=$H90,U90,"") -> 12 | AC90: =IF(AC$3=$H90,V90,"") | AD90: =IF(AD$3=$H90,W90,"") | AE90: =IF(AE$3=$H90,X90,"") | AH90: =MAXIFS(AB90:AE90,AB90:AE90, ">-1") -> 12 | AI90: =MINIFS(AB90:AE90,AB90:AE90, "<0") -> 0 | AK90: =IF(U90>0,AK$3,"") -> Thomas | AL90: =IF(V90>0,AL$3,"") | AM90: =IF(W90>0,AM$3,"") | AN90: =IF(X90>0,AN$3,"") -> Christian | AO90: =COUNTif(AK90:AN90,">0"&"*") -> 2 | AP90: =H90 -> Thomas | AQ90: =IFERROR(__xludf.DUMMYFUNCTION("IFNA(QUERY(transpose(AY90:BB90),""Select Col1 where Col1 is not null limit 1"",0))"),"Christian") -> Christian | AS90: =IF(AK90=AS$3,"",AS$3) | AT90: =IF(AL90=AT$3,"",AT$3) -> Peter | AU90: =IF(AM90=AU$3,"",AU$3) -> Janus | AV90: =IF(AN90=AV$3,"",AV$3) | AW90: =COUNTif(AS90:AV90,">0"&"*") -> 2 | AX90: =sum(AB90:AE90) -> 12 | AY90: =IFNA(IFS(AY$3=$AP90,"",$AX90=U90,AY$3),"") | AZ90: =IFNA(IFS(AZ$3=$AP90,"",$AX90=V90,AZ$3),"") | BA90: =IFNA(IFS(BA$3=$AP90,"",$AX90=W90,BA$3),"") | BB90: =IFNA(IFS(BB$3=$AP90,"",$AX90=X90,BB$3),"") -> Christian | BC90: =OFFSET('00_Regnskab_01'!$A$1,MATCH(A90,'00_Regnskab_01'!$A$1:$A$25)-1,2) -> 43491 | BE90: =if(U90>0,1+BE89,0) -> 1 | BF90: =if(V90>0,1+BF89,0) -> 0 | BG90: =if(W90>0,1+BG89,0) -> 0 | BH90: =if(X90>0,1+BH89,0) -> 1 | BJ90: =if(U90<0,1+BJ89,0) -> 0 | BK90: =if(V90<0,1+BK89,0) -> 1 | BL90: =if(W90<0,1+BL89,0) -> 2 | BM90: =if(X90<0,1+BM89,0) -> 0 | BO90: =if(U90>0,U90+BO89,0) -> 12 | BP90: =if(V90>0,V90+BP89,0) -> 0 | BQ90: =if(W90>0,W90+BQ89,0) -> 0 | BR90: =if(X90>0,X90+BR89,0) -> 12 | BT90: =if(U90<0,U90+BT89,0) -> 0 | BU90: =if(V90<0,V90+BU89,0) -> -12 | BV90: =if(W90<0,W90+BV89,0) -> -28 | BW90: =if(X90<0,X90+BW89,0) -> 0
A91: 9 | B91: ='09_26-01-2019'!A34 -> 31 | C91: ='09_26-01-2019'!B34 -> 16 | D91: ='09_26-01-2019'!C34 -> -120 | E91: ='09_26-01-2019'!D34 -> 238 | F91: ='09_26-01-2019'!E34 -> -134 | G91: ='09_26-01-2019'!F34 -> 0 | H91: ='09_26-01-2019'!G34 -> Thomas | J91: ='09_26-01-2019'!H34 -> Christian | K91: ='09_26-01-2019'!I34 -> 9 vip i 3. | M91: 9 | N91: Vip | O91: 3 | U91: =C91-C90 -> 48 | V91: =D91-D90 -> 48 | W91: =E91-E90 -> -48 | X91: =F91-F90 -> -48 | AB91: =IF(AB$3=$H91,U91,"") -> 48 | AC91: =IF(AC$3=$H91,V91,"") | AD91: =IF(AD$3=$H91,W91,"") | AE91: =IF(AE$3=$H91,X91,"") | AH91: =MAXIFS(AB91:AE91,AB91:AE91, ">-1") -> 48 | AI91: =MINIFS(AB91:AE91,AB91:AE91, "<0") -> 0 | AK91: =IF(U91>0,AK$3,"") -> Thomas | AL91: =IF(V91>0,AL$3,"") -> Peter | AM91: =IF(W91>0,AM$3,"") | AN91: =IF(X91>0,AN$3,"") | AO91: =COUNTif(AK91:AN91,">0"&"*") -> 2 | AP91: =H91 -> Thomas | AQ91: =IFERROR(__xludf.DUMMYFUNCTION("IFNA(QUERY(transpose(AY91:BB91),""Select Col1 where Col1 is not null limit 1"",0))"),"Peter") -> Peter | AS91: =IF(AK91=AS$3,"",AS$3) | AT91: =IF(AL91=AT$3,"",AT$3) | AU91: =IF(AM91=AU$3,"",AU$3) -> Janus | AV91: =IF(AN91=AV$3,"",AV$3) -> Christian | AW91: =COUNTif(AS91:AV91,">0"&"*") -> 2 | AX91: =sum(AB91:AE91) -> 48 | AY91: =IFNA(IFS(AY$3=$AP91,"",$AX91=U91,AY$3),"") | AZ91: =IFNA(IFS(AZ$3=$AP91,"",$AX91=V91,AZ$3),"") -> Peter | BA91: =IFNA(IFS(BA$3=$AP91,"",$AX91=W91,BA$3),"") | BB91: =IFNA(IFS(BB$3=$AP91,"",$AX91=X91,BB$3),"") | BC91: =OFFSET('00_Regnskab_01'!$A$1,MATCH(A91,'00_Regnskab_01'!$A$1:$A$25)-1,2) -> 43491 | BE91: =if(U91>0,1+BE90,0) -> 2 | BF91: =if(V91>0,1+BF90,0) -> 1 | BG91: =if(W91>0,1+BG90,0) -> 0 | BH91: =if(X91>0,1+BH90,0) -> 0 | BJ91: =if(U91<0,1+BJ90,0) -> 0 | BK91: =if(V91<0,1+BK90,0) -> 0 | BL91: =if(W91<0,1+BL90,0) -> 3 | BM91: =if(X91<0,1+BM90,0) -> 1 | BO91: =if(U91>0,U91+BO90,0) -> 60 | BP91: =if(V91>0,V91+BP90,0) -> 48 | BQ91: =if(W91>0,W91+BQ90,0) -> 0 | BR91: =if(X91>0,X91+BR90,0) -> 0 | BT91: =if(U91<0,U91+BT90,0) -> 0 | BU91: =if(V91<0,V91+BU90,0) -> 0 | BV91: =if(W91<0,W91+BV90,0) -> -76 | BW91: =if(X91<0,X91+BW90,0) -> -48
A92: 9 | B92: ='09_26-01-2019'!A35 -> 32 | C92: ='09_26-01-2019'!B35 -> 4 | D92: ='09_26-01-2019'!C35 -> -132 | E92: ='09_26-01-2019'!D35 -> 250 | F92: ='09_26-01-2019'!E35 -> -122 | G92: ='09_26-01-2019'!F35 -> 0 | H92: ='09_26-01-2019'!G35 -> Peter | J92: ='09_26-01-2019'!H35 -> Thomas | K92: ='09_26-01-2019'!I35 -> sol | N92: Sol | U92: =C92-C91 -> -12 | V92: =D92-D91 -> -12 | W92: =E92-E91 -> 12 | X92: =F92-F91 -> 12 | AB92: =IF(AB$3=$H92,U92,"") | AC92: =IF(AC$3=$H92,V92,"") -> -12 | AD92: =IF(AD$3=$H92,W92,"") | AE92: =IF(AE$3=$H92,X92,"") | AH92: =MAXIFS(AB92:AE92,AB92:AE92, ">-1") -> 0 | AI92: =MINIFS(AB92:AE92,AB92:AE92, "<0") -> -12 | AK92: =IF(U92>0,AK$3,"") | AL92: =IF(V92>0,AL$3,"") | AM92: =IF(W92>0,AM$3,"") -> Janus | AN92: =IF(X92>0,AN$3,"") -> Christian | AO92: =COUNTif(AK92:AN92,">0"&"*") -> 2 | AP92: =H92 -> Peter | AQ92: =IFERROR(__xludf.DUMMYFUNCTION("IFNA(QUERY(transpose(AY92:BB92),""Select Col1 where Col1 is not null limit 1"",0))"),"Thomas") -> Thomas | AS92: =IF(AK92=AS$3,"",AS$3) -> Thomas | AT92: =IF(AL92=AT$3,"",AT$3) -> Peter | AU92: =IF(AM92=AU$3,"",AU$3) | AV92: =IF(AN92=AV$3,"",AV$3) | AW92: =COUNTif(AS92:AV92,">0"&"*") -> 2 | AX92: =sum(AB92:AE92) -> -12 | AY92: =IFNA(IFS(AY$3=$AP92,"",$AX92=U92,AY$3),"") -> Thomas | AZ92: =IFNA(IFS(AZ$3=$AP92,"",$AX92=V92,AZ$3),"") | BA92: =IFNA(IFS(BA$3=$AP92,"",$AX92=W92,BA$3),"") | BB92: =IFNA(IFS(BB$3=$AP92,"",$AX92=X92,BB$3),"") | BC92: =OFFSET('00_Regnskab_01'!$A$1,MATCH(A92,'00_Regnskab_01'!$A$1:$A$25)-1,2) -> 43491 | BE92: =if(U92>0,1+BE91,0) -> 0 | BF92: =if(V92>0,1+BF91,0) -> 0 | BG92: =if(W92>0,1+BG91,0) -> 1 | BH92: =if(X92>0,1+BH91,0) -> 1 | BJ92: =if(U92<0,1+BJ91,0) -> 1 | BK92: =if(V92<0,1+BK91,0) -> 1 | BL92: =if(W92<0,1+BL91,0) -> 0 | BM92: =if(X92<0,1+BM91,0) -> 0 | BO92: =if(U92>0,U92+BO91,0) -> 0 | BP92: =if(V92>0,V92+BP91,0) -> 0 | BQ92: =if(W92>0,W92+BQ91,0) -> 12 | BR92: =if(X92>0,X92+BR91,0) -> 12 | BT92: =if(U92<0,U92+BT91,0) -> -12 | BU92: =if(V92<0,V92+BU91,0) -> -12 | BV92: =if(W92<0,W92+BV91,0) -> 0 | BW92: =if(X92<0,X92+BW91,0) -> 0
A93: 9 | B93: ='09_26-01-2019'!A36 -> 33 | C93: ='09_26-01-2019'!B36 -> -6 | D93: ='09_26-01-2019'!C36 -> -122 | E93: ='09_26-01-2019'!D36 -> 240 | F93: ='09_26-01-2019'!E36 -> -112 | G93: ='09_26-01-2019'!F36 -> 0 | H93: ='09_26-01-2019'!G36 -> Christian | J93: ='09_26-01-2019'!H36 -> Peter | K93: ='09_26-01-2019'!I36 -> 9 ren | M93: 9 | N93: Ren sol | U93: =C93-C92 -> -10 | V93: =D93-D92 -> 10 | W93: =E93-E92 -> -10 | X93: =F93-F92 -> 10 | AB93: =IF(AB$3=$H93,U93,"") | AC93: =IF(AC$3=$H93,V93,"") | AD93: =IF(AD$3=$H93,W93,"") | AE93: =IF(AE$3=$H93,X93,"") -> 10 | AH93: =MAXIFS(AB93:AE93,AB93:AE93, ">-1") -> 10 | AI93: =MINIFS(AB93:AE93,AB93:AE93, "<0") -> 0 | AK93: =IF(U93>0,AK$3,"") | AL93: =IF(V93>0,AL$3,"") -> Peter | AM93: =IF(W93>0,AM$3,"") | AN93: =IF(X93>0,AN$3,"") -> Christian | AO93: =COUNTif(AK93:AN93,">0"&"*") -> 2 | AP93: =H93 -> Christian | AQ93: =IFERROR(__xludf.DUMMYFUNCTION("IFNA(QUERY(transpose(AY93:BB93),""Select Col1 where Col1 is not null limit 1"",0))"),"Peter") -> Peter | AS93: =IF(AK93=AS$3,"",AS$3) -> Thomas | AT93: =IF(AL93=AT$3,"",AT$3) | AU93: =IF(AM93=AU$3,"",AU$3) -> Janus | AV93: =IF(AN93=AV$3,"",AV$3) | AW93: =COUNTif(AS93:AV93,">0"&"*") -> 2 | AX93: =sum(AB93:AE93) -> 10 | AY93: =IFNA(IFS(AY$3=$AP93,"",$AX93=U93,AY$3),"") | AZ93: =IFNA(IFS(AZ$3=$AP93,"",$AX93=V93,AZ$3),"") -> Peter | BA93: =IFNA(IFS(BA$3=$AP93,"",$AX93=W93,BA$3),"") | BB93: =IFNA(IFS(BB$3=$AP93,"",$AX93=X93,BB$3),"") | BC93: =OFFSET('00_Regnskab_01'!$A$1,MATCH(A93,'00_Regnskab_01'!$A$1:$A$25)-1,2) -> 43491 | BE93: =if(U93>0,1+BE92,0) -> 0 | BF93: =if(V93>0,1+BF92,0) -> 1 | BG93: =if(W93>0,1+BG92,0) -> 0 | BH93: =if(X93>0,1+BH92,0) -> 2 | BJ93: =if(U93<0,1+BJ92,0) -> 2 | BK93: =if(V93<0,1+BK92,0) -> 0 | BL93: =if(W93<0,1+BL92,0) -> 1 | BM93: =if(X93<0,1+BM92,0) -> 0 | BO93: =if(U93>0,U93+BO92,0) -> 0 | BP93: =if(V93>0,V93+BP92,0) -> 10 | BQ93: =if(W93>0,W93+BQ92,0) -> 0 | BR93: =if(X93>0,X93+BR92,0) -> 22 | BT93: =if(U93<0,U93+BT92,0) -> -22 | BU93: =if(V93<0,V93+BU92,0) -> 0 | BV93: =if(W93<0,W93+BV92,0) -> -10 | BW93: =if(X93<0,X93+BW92,0) -> 0
A94: 9 | B94: ='09_26-01-2019'!A37 -> 34 | C94: ='09_26-01-2019'!B37 -> -54 | D94: ='09_26-01-2019'!C37 -> -106 | E94: ='09_26-01-2019'!D37 -> 256 | F94: ='09_26-01-2019'!E37 -> -96 | G94: ='09_26-01-2019'!F37 -> 0 | H94: ='09_26-01-2019'!G37 -> Thomas | J94: ='09_26-01-2019'!H37 -> Janus | K94: ='09_26-01-2019'!I37 -> 9 halve | M94: 9 | N94: Halve | U94: =C94-C93 -> -48 | V94: =D94-D93 -> 16 | W94: =E94-E93 -> 16 | X94: =F94-F93 -> 16 | AB94: =IF(AB$3=$H94,U94,"") -> -48 | AC94: =IF(AC$3=$H94,V94,"") | AD94: =IF(AD$3=$H94,W94,"") | AE94: =IF(AE$3=$H94,X94,"") | AH94: =MAXIFS(AB94:AE94,AB94:AE94, ">-1") -> 0 | AI94: =MINIFS(AB94:AE94,AB94:AE94, "<0") -> -48 | AK94: =IF(U94>0,AK$3,"") | AL94: =IF(V94>0,AL$3,"") -> Peter | AM94: =IF(W94>0,AM$3,"") -> Janus | AN94: =IF(X94>0,AN$3,"") -> Christian | AO94: =COUNTif(AK94:AN94,">0"&"*") -> 3 | AP94: =H94 -> Thomas | AQ94: =IFERROR(__xludf.DUMMYFUNCTION("IFNA(QUERY(transpose(AY94:BB94),""Select Col1 where Col1 is not null limit 1"",0))"),"") | AS94: =IF(AK94=AS$3,"",AS$3) -> Thomas | AT94: =IF(AL94=AT$3,"",AT$3) | AU94: =IF(AM94=AU$3,"",AU$3) | AV94: =IF(AN94=AV$3,"",AV$3) | AW94: =COUNTif(AS94:AV94,">0"&"*") -> 1 | AX94: =sum(AB94:AE94) -> -48 | AY94: =IFNA(IFS(AY$3=$AP94,"",$AX94=U94,AY$3),"") | AZ94: =IFNA(IFS(AZ$3=$AP94,"",$AX94=V94,AZ$3),"") | BA94: =IFNA(IFS(BA$3=$AP94,"",$AX94=W94,BA$3),"") | BB94: =IFNA(IFS(BB$3=$AP94,"",$AX94=X94,BB$3),"") | BC94: =OFFSET('00_Regnskab_01'!$A$1,MATCH(A94,'00_Regnskab_01'!$A$1:$A$25)-1,2) -> 43491 | BE94: =if(U94>0,1+BE93,0) -> 0 | BF94: =if(V94>0,1+BF93,0) -> 2 | BG94: =if(W94>0,1+BG93,0) -> 1 | BH94: =if(X94>0,1+BH93,0) -> 3 | BJ94: =if(U94<0,1+BJ93,0) -> 3 | BK94: =if(V94<0,1+BK93,0) -> 0 | BL94: =if(W94<0,1+BL93,0) -> 0 | BM94: =if(X94<0,1+BM93,0) -> 0 | BO94: =if(U94>0,U94+BO93,0) -> 0 | BP94: =if(V94>0,V94+BP93,0) -> 26 | BQ94: =if(W94>0,W94+BQ93,0) -> 16 | BR94: =if(X94>0,X94+BR93,0) -> 38 | BT94: =if(U94<0,U94+BT93,0) -> -70 | BU94: =if(V94<0,V94+BU93,0) -> 0 | BV94: =if(W94<0,W94+BV93,0) -> 0 | BW94: =if(X94<0,X94+BW93,0) -> 0
